,mouse,area,session,win,Hit,FA,DP
0,VE077,wS1,1,Response,0.6,0.0,inf
1,VE077,wS1,1,Post,0.4375,0.125,0.9930386957658376
2,VE077,wS1,1,Control,0.6451612903225806,0.07142857142857142,1.837523153150714
3,VE077,wS1,1,Stim,0.25,0.07692307692307693,0.7515871220767656
4,VE077,wS1,1,Pre,0.6,0.17647058823529413,1.1822465947830705
5,VE077,wS1,2,Response,0.4,0.4,0.0
6,VE077,wS1,2,Post,0.8,0.5,0.8416212335729144
7,VE077,wS1,2,Control,0.8305084745762712,0.3625,1.3079608838552186
8,VE077,wS1,2,Stim,0.7058823529411765,0.3333333333333333,0.9721223844245456
9,VE077,wS1,2,Pre,0.8181818181818182,0.5833333333333334,0.6980294742894607
10,VE077,wS1,3,Response,0.4,0.4,0.0
11,VE077,wS1,3,Post,0.8,0.5,0.8416212335729144
12,VE077,wS1,3,Control,0.8305084745762712,0.3625,1.3079608838552186
13,VE077,wS1,3,Stim,0.7058823529411765,0.3333333333333333,0.9721223844245456
14,VE077,wS1,3,Pre,0.8181818181818182,0.5833333333333334,0.6980294742894607
15,VE077,wS1,4,Response,0.6,0.0,inf
16,VE077,wS1,4,Post,0.6363636363636364,0.09090909090909091,1.6839334316359815
17,VE077,wS1,4,Control,0.6626506024096386,0.06097560975609756,1.966343250861008
18,VE077,wS1,4,Stim,0.4444444444444444,0.08333333333333333,1.2432838282187764
19,VE077,wS1,4,Pre,0.5,0.0,inf
20,VE077,wS2,1,Response,0.6428571428571429,0.125,1.5164557371765781
21,VE077,wS2,1,Post,0.5714285714285714,0.125,1.3303617501687133
22,VE077,wS2,1,Control,0.6511627906976745,0.09375,1.706472561286648
23,VE077,wS2,1,Stim,0.375,0.1875,0.568507195054501
24,VE077,wS2,1,Pre,0.5,0.0625,1.5341205443525465
25,VE077,wS2,2,Response,0.7272727272727273,0.16666666666666666,1.5720069126849385
26,VE077,wS2,2,Post,0.6666666666666666,0.7,-0.09367321341258322
27,VE077,wS2,2,Control,0.6296296296296297,0.05747126436781609,1.9072340154225018
28,VE077,wS2,2,Stim,0.36363636363636365,0.18181818181818182,0.5597021730203404
29,VE077,wS2,2,Pre,0.8,0.18181818181818182,1.7500791021102997
30,VE077,wS2,3,Response,0.7142857142857143,0.25,1.2404385721289448
31,VE077,wS2,3,Post,0.5714285714285714,0.2857142857142857,0.7459611917255681
32,VE077,wS2,3,Control,0.6595744680851063,0.07272727272727272,1.8670780788777885
33,VE077,wS2,3,Stim,0.2857142857142857,0.16666666666666666,0.40147274416883827
34,VE077,wS2,3,Pre,0.2857142857142857,0.2857142857142857,0.0
35,VE077,wM1,1,Response,0.8,0.0,inf
36,VE077,wM1,1,Post,0.5384615384615384,0.21428571428571427,0.8881972230330137
37,VE077,wM1,1,Control,0.74,0.09009009009009009,1.9835458713270029
38,VE077,wM1,1,Stim,0.5384615384615384,0.23076923076923078,0.8328745326657686
39,VE077,wM1,1,Pre,0.375,0.0,inf
40,VE077,wM1,2,Response,0.8181818181818182,0.0,inf
41,VE077,wM1,2,Post,0.6666666666666666,0.09090909090909091,1.7659050354143941
42,VE077,wM1,2,Control,0.7934782608695652,0.11702127659574468,2.008559286472043
43,VE077,wM1,2,Stim,0.6363636363636364,0.0,inf
44,VE077,wM1,2,Pre,0.45454545454545453,0.16666666666666666,0.853236271780273
45,VE077,wM1,3,Response,0.7777777777777778,0.1,2.046261239330988
46,VE077,wM1,3,Post,0.3333333333333333,0.5555555555555556,-0.5704375981773198
47,VE077,wM1,3,Control,0.68,0.03896103896103896,2.230570814177391
48,VE077,wM1,3,Stim,0.36363636363636365,0.0,inf
49,VE077,wM1,3,Pre,0.625,0.0,inf
50,VE077,Aud,1,Response,0.7777777777777778,0.0,inf
51,VE077,Aud,1,Post,0.75,0.1111111111111111,1.8951300990434317
52,VE077,Aud,1,Control,0.6511627906976745,0.09433962264150944,1.7029579554509868
53,VE077,Aud,1,Stim,0.6666666666666666,0.25,1.1052170494915392
54,VE077,Aud,1,Pre,0.6666666666666666,0.0,inf
55,VE077,Aud,2,Response,1.0,0.0,inf
56,VE077,Aud,2,Post,1.0,0.2,inf
57,VE077,Aud,2,Control,0.8095238095238095,0.3333333333333333,1.3068701485422984
58,VE077,Aud,2,Stim,0.75,0.6,0.42114264706028204
59,VE077,Aud,2,Pre,1.0,0.2,inf
60,VE077,Aud,3,Response,0.2222222222222222,0.2727272727272727,-0.16012432720315006
61,VE077,Aud,3,Post,0.9090909090909091,0.6363636363636364,0.9864220406018918
62,VE077,Aud,3,Control,0.684931506849315,0.43333333333333335,0.6494280538238683
63,VE077,Aud,3,Stim,0.8,0.5454545454545454,0.7274359392514862
64,VE077,Aud,3,Pre,0.625,0.36363636363636365,0.66739505948142
65,VE077,Vis,1,Response,0.5714285714285714,0.14285714285714285,1.2475828936708468
66,VE077,Vis,1,Post,0.8,0.6666666666666666,0.41089393427745696
67,VE077,Vis,1,Control,0.7954545454545454,0.2,1.6671157245021502
68,VE077,Vis,1,Stim,0.5714285714285714,0.16666666666666666,1.1474339358944063
69,VE077,Vis,1,Pre,0.8,0.2,1.6832424671458286
70,VE077,Vis,2,Response,0.625,0.0,inf
71,VE077,Vis,2,Post,0.7777777777777778,0.45454545454545453,0.8788949681078156
72,VE077,Vis,2,Control,0.7435897435897436,0.07407407407407407,2.1005557936501793
73,VE077,Vis,2,Stim,0.8,0.2,1.6832424671458286
74,VE077,Vis,2,Pre,0.4444444444444444,0.2,0.7019109346910521
75,VE077,Vis,3,Response,0.7142857142857143,0.2,1.4075700555057775
76,VE077,Vis,3,Post,0.8,0.3333333333333333,1.2723485328683721
77,VE077,Vis,3,Control,0.7746478873239436,0.036585365853658534,2.5460057824988063
78,VE077,Vis,3,Stim,0.8571428571428571,0.0,inf
79,VE077,Vis,3,Pre,0.5,0.0,inf
80,VE077,PPC,1,Response,0.7,0.375,0.8430398766724159
81,VE077,PPC,1,Post,0.2857142857142857,0.6666666666666666,-0.9966761212283206
82,VE077,PPC,1,Control,0.6037735849056604,0.29850746268656714,0.7918248801496135
83,VE077,PPC,1,Stim,0.5714285714285714,0.375,0.49865173375708016
84,VE077,PPC,1,Pre,0.7142857142857143,0.5555555555555556,0.42623852305100096
85,VE077,PPC,2,Response,1.0,0.0,inf
86,VE077,PPC,2,Post,0.8571428571428571,0.7142857142857143,0.5016217019452783
87,VE077,PPC,2,Control,0.8070175438596491,0.13793103448275862,1.9566201831496506
88,VE077,PPC,2,Stim,0.75,0.2857142857142857,1.2404385721289448
89,VE077,PPC,2,Pre,0.5,0.14285714285714285,1.0675705238781419
90,VE077,PPC,3,Response,0.8333333333333334,0.25,1.6419113162977832
91,VE077,PPC,3,Post,0.875,0.1111111111111111,2.370989729223358
92,VE077,PPC,3,Control,0.8095238095238095,0.03076923076923077,2.745749496365743
93,VE077,PPC,3,Stim,0.5714285714285714,0.375,0.49865173375708016
94,VE077,PPC,3,Pre,0.3333333333333333,0.0,inf
95,VE077,dCA1,1,Response,0.7777777777777778,0.14285714285714285,1.832280197664529
96,VE077,dCA1,1,Post,0.7142857142857143,0.375,0.8845881858972383
97,VE077,dCA1,1,Control,0.7692307692307693,0.01694915254237288,2.8575952198301313
98,VE077,dCA1,1,Stim,0.75,0.2857142857142857,1.2404385721289448
99,VE077,dCA1,1,Pre,0.5714285714285714,0.14285714285714285,1.2475828936708468
100,VE077,mPFC,1,Response,0.29411764705882354,0.05263157894736842,1.078461173509182
101,VE077,mPFC,1,Post,0.05263157894736842,0.11764705882352941,-0.43302482588245184
102,VE077,mPFC,1,Control,0.664179104477612,0.051094890510948905,2.0582248534966836
103,VE077,mPFC,1,Stim,0.06666666666666667,0.0,inf
104,VE077,mPFC,1,Pre,0.25,0.11764705882352941,0.5123416825597362
105,VE077,wM2,1,Response,0.4,0.0,inf
106,VE077,wM2,1,Post,0.8,0.4,1.0949683367087142
107,VE077,wM2,1,Control,0.64,0.11538461538461539,1.5568384955581185
108,VE077,wM2,1,Stim,0.0,0.0,
109,VE077,wM2,1,Pre,0.0,0.0,
110,VE077,wM2,2,Response,0.3,0.0,inf
111,VE077,wM2,2,Post,0.7272727272727273,0.36363636363636365,0.9533410421002819
112,VE077,wM2,2,Control,0.5972222222222222,0.12941176470588237,1.3753398043691574
113,VE077,wM2,2,Stim,0.4444444444444444,0.25,0.5347794513142197
114,VE077,wM2,2,Pre,0.42857142857142855,0.1111111111111111,1.0406279790546447
115,VE077,wM2,3,Response,0.75,0.0,inf
116,VE077,wM2,3,Post,0.9090909090909091,0.45454545454545453,1.4493630304403649
117,VE077,wM2,3,Control,0.6956521739130435,0.12359550561797752,1.6691353484713582
118,VE077,wM2,3,Stim,0.3333333333333333,0.1,0.850824266249143
119,VE077,wM2,3,Pre,0.8,0.0,inf
120,VE077,ALM,1,Response,0.35714285714285715,0.0,inf
121,VE077,ALM,1,Post,0.42857142857142855,0.0,inf
122,VE077,ALM,1,Control,0.8142857142857143,0.21428571428571427,1.6854392389228638
123,VE077,ALM,1,Stim,0.6666666666666666,0.13333333333333333,1.541498915932243
124,VE077,ALM,1,Pre,0.5384615384615384,0.2857142857142857,0.6625074372225022
125,VE077,ALM,2,Response,0.46153846153846156,0.0,inf
126,VE077,ALM,2,Post,0.5714285714285714,0.21428571428571427,0.9716509775360797
127,VE077,ALM,2,Control,0.8026315789473685,0.14457831325301204,1.911032090321395
128,VE077,ALM,2,Stim,0.5714285714285714,0.42857142857142855,0.36002473958541004
129,VE077,ALM,2,Pre,0.7777777777777778,0.35714285714285715,1.1308160305869568
130,VE077,ALM,3,Response,0.5,0.05555555555555555,1.5932188180230507
131,VE077,ALM,3,Post,0.8125,0.47058823529411764,0.9609378328271488
132,VE077,ALM,3,Control,0.9174311926605505,0.3302752293577982,1.827151432289452
133,VE077,ALM,3,Stim,0.8333333333333334,0.5294117647058824,0.8936302922934287
134,VE077,ALM,3,Pre,0.875,0.42105263157894735,1.3495507051652753
135,VE077,ALM,4,Response,0.2222222222222222,0.16666666666666666,0.20271189231531417
136,VE077,ALM,4,Post,0.6666666666666666,0.3333333333333333,0.861454598590915
137,VE077,ALM,4,Control,0.6666666666666666,0.07547169811320754,1.8669344804502512
138,VE077,ALM,4,Stim,0.8,0.25,1.5161109837689963
139,VE077,ALM,4,Pre,0.4,0.0,inf
140,VE077,tjM1,1,Response,1.0,0.08333333333333333,inf
141,VE077,tjM1,1,Post,0.7692307692307693,0.5714285714285714,0.5563035475834247
142,VE077,tjM1,1,Control,0.7105263157894737,0.15151515151515152,1.584879704928022
143,VE077,tjM1,1,Stim,0.5,0.2,0.8416212335729143
144,VE077,tjM1,1,Pre,0.25,0.18181818181818182,0.23396811834130338
145,VE077,tjM1,2,Response,0.5,0.125,1.1503493803760083
146,VE077,tjM1,2,Post,0.4666666666666667,0.5333333333333333,-0.16730346781425814
147,VE077,tjM1,2,Control,0.7339449541284404,0.13934426229508196,1.7080583399381655
148,VE077,tjM1,2,Stim,0.35714285714285715,0.5333333333333333,-0.4497580907076987
149,VE077,tjM1,2,Pre,0.3076923076923077,0.06666666666666667,0.9986837226706695
150,VE077,tjM1,3,Response,0.16666666666666666,0.0,inf
151,VE077,tjM1,3,Post,0.5454545454545454,0.09090909090909091,1.449363030440365
152,VE077,tjM1,3,Control,0.8539325842696629,0.05555555555555555,2.6466687463644405
153,VE077,tjM1,3,Stim,0.6666666666666666,0.2727272727272727,1.0353126458786945
154,VE077,tjM1,3,Pre,0.9090909090909091,0.18181818181818182,2.2436356046563217
155,VE077,tjM1,4,Response,0.2857142857142857,0.0,inf
156,VE077,tjM1,4,Post,0.2857142857142857,0.2222222222222222,0.1987608518535241
157,VE077,tjM1,4,Control,0.88,0.0784313725490196,2.5906888858665966
158,VE077,tjM1,4,Stim,0.0,0.14285714285714285,-inf
159,VE077,tjM1,4,Pre,0.2,0.125,0.308728146803094
160,VE077,tjM1,5,Response,0.3,0.08333333333333333,0.8585936143925976
161,VE077,tjM1,5,Post,0.25,0.23076923076923078,0.06182616718004774
162,VE077,tjM1,5,Control,0.7608695652173914,0.08247422680412371,2.097722105025184
163,VE077,tjM1,5,Stim,0.3333333333333333,0.0,inf
164,VE077,tjM1,5,Pre,0.46153846153846156,0.15384615384615385,0.9235176174965626
165,VE078,wS1,1,Response,0.45454545454545453,0.09090909090909091,1.2209924417975084
166,VE078,wS1,1,Post,0.5,0.1,1.2815515655446006
167,VE078,wS1,1,Control,0.6,0.041666666666666664,1.9850114992580452
168,VE078,wS1,1,Stim,0.6,0.2727272727272727,0.8579324497190369
169,VE078,wS1,1,Pre,0.4444444444444444,0.0,inf
170,VE078,wS1,2,Response,0.75,0.1111111111111111,1.8951300990434317
171,VE078,wS1,2,Post,1.0,0.1111111111111111,inf
172,VE078,wS1,2,Control,0.7794117647058824,0.14084507042253522,1.8467384186917788
173,VE078,wS1,2,Stim,0.6666666666666666,0.3333333333333333,0.861454598590915
174,VE078,wS1,2,Pre,0.875,0.5555555555555556,1.0106390814941462
175,VE078,wS1,3,Response,0.5555555555555556,0.1,1.4212618644264627
176,VE078,wS1,3,Post,0.4444444444444444,0.25,0.5347794513142197
177,VE078,wS1,3,Control,0.7432432432432432,0.09859154929577464,1.9429952566879418
178,VE078,wS1,3,Stim,0.5,0.1,1.2815515655446006
179,VE078,wS1,3,Pre,0.8888888888888888,0.0,inf
180,VE078,wS1,4,Response,0.8571428571428571,0.2222222222222222,1.8322801976645287
181,VE078,wS1,4,Post,0.7142857142857143,0.3333333333333333,0.9966761212283207
182,VE078,wS1,4,Control,0.6774193548387096,0.18032786885245902,1.3746108405175916
183,VE078,wS1,4,Stim,0.42857142857142855,0.14285714285714285,0.8875581540854368
184,VE078,wS1,4,Pre,0.5,0.375,0.3186393639643752
185,VE078,wS2,1,Response,0.6666666666666666,0.0,inf
186,VE078,wS2,1,Post,0.6666666666666666,0.16666666666666666,1.3981488653971588
187,VE078,wS2,1,Control,0.7692307692307693,0.18604651162790697,1.6288755903105805
188,VE078,wS2,1,Stim,0.0,0.0,
189,VE078,wS2,1,Pre,0.8333333333333334,0.2,1.8090427996746157
190,VE078,wS2,2,Response,0.7777777777777778,0.08333333333333333,2.147703800887026
191,VE078,wS2,2,Post,0.6666666666666666,0.16666666666666666,1.3981488653971588
192,VE078,wS2,2,Control,0.7,0.10526315789473684,1.77652003297326
193,VE078,wS2,2,Stim,0.5833333333333334,0.07142857142857142,1.6756621869334476
194,VE078,wS2,2,Pre,0.9285714285714286,0.07692307692307693,2.89131066495837
195,VE078,wS2,3,Response,0.375,0.0,inf
196,VE078,wS2,3,Post,0.7142857142857143,0.0,inf
197,VE078,wS2,3,Control,0.6444444444444445,0.046511627906976744,2.0500254301225747
198,VE078,wS2,3,Stim,0.2857142857142857,0.14285714285714285,0.5016217019452788
199,VE078,wS2,3,Pre,0.42857142857142855,0.0,inf
200,VE078,wS2,4,Response,0.5714285714285714,0.25,0.8545021199887868
201,VE078,wS2,4,Post,0.7142857142857143,0.2857142857142857,1.1318976438657262
202,VE078,wS2,4,Control,0.7209302325581395,0.14893617021276595,1.6266140729799767
203,VE078,wS2,4,Stim,0.5,0.14285714285714285,1.0675705238781419
204,VE078,wS2,4,Pre,0.7142857142857143,0.25,1.2404385721289448
205,VE078,wS2,5,Response,0.5714285714285714,0.25,0.8545021199887868
206,VE078,wS2,5,Post,0.7142857142857143,0.2857142857142857,1.1318976438657262
207,VE078,wS2,5,Control,0.7209302325581395,0.14893617021276595,1.6266140729799767
208,VE078,wS2,5,Stim,0.5,0.14285714285714285,1.0675705238781419
209,VE078,wS2,5,Pre,0.7142857142857143,0.25,1.2404385721289448
210,VE078,wM1,1,Response,0.6666666666666666,0.14285714285714285,1.4982978231735993
211,VE078,wM1,1,Post,0.8571428571428571,0.125,2.21791990425415
212,VE078,wM1,1,Control,0.6388888888888888,0.09302325581395349,1.6778557967392516
213,VE078,wM1,1,Stim,0.42857142857142855,0.0,inf
214,VE078,wM1,1,Pre,0.16666666666666666,0.14285714285714285,0.1001489577764405
215,VE078,wM1,2,Response,0.35714285714285715,0.0625,1.168014187551977
216,VE078,wM1,2,Post,0.6428571428571429,0.13333333333333333,1.4768779734373554
217,VE078,wM1,2,Control,0.6323529411764706,0.13829787234042554,1.4260902135399625
218,VE078,wM1,2,Stim,0.6363636363636364,0.125,1.499105075893053
219,VE078,wM1,2,Pre,0.6363636363636364,0.06666666666666667,1.8498416415610697
220,VE078,wM1,3,Response,0.5714285714285714,0.0,inf
221,VE078,wM1,3,Post,0.5,0.2222222222222222,0.7647096737863872
222,VE078,wM1,3,Control,0.6212121212121212,0.06060606060606061,1.8583717064315233
223,VE078,wM1,3,Stim,0.7777777777777778,0.25,1.439199423982469
224,VE078,wM1,3,Pre,0.875,0.125,2.3006987607520166
225,VE078,Aud,1,Response,0.6,0.0,inf
226,VE078,Aud,1,Post,0.5714285714285714,0.09090909090909091,1.5151901059116417
227,VE078,Aud,1,Control,0.6133333333333333,0.0547945205479452,1.8880605280693992
228,VE078,Aud,1,Stim,0.6,0.1,1.5348986686804005
229,VE078,Aud,1,Pre,0.5555555555555556,0.08333333333333333,1.5227044259825007
230,VE078,Aud,2,Response,0.625,0.3333333333333333,0.7493666632598328
231,VE078,Aud,2,Post,0.42857142857142855,0.2857142857142857,0.38593645214015804
232,VE078,Aud,2,Control,0.6458333333333334,0.12727272727272726,1.5134735861337147
233,VE078,Aud,2,Stim,0.3333333333333333,0.0,inf
234,VE078,Aud,2,Pre,0.5,0.5,0.0
235,VE078,Aud,3,Response,0.75,0.125,1.8248391305720901
236,VE078,Aud,3,Post,0.8,0.14285714285714285,1.9091917574510564
237,VE078,Aud,3,Control,0.696969696969697,0.125,1.6660541740690469
238,VE078,Aud,3,Stim,0.375,0.25,0.3558503862317066
239,VE078,Aud,3,Pre,0.8571428571428571,0.1111111111111111,2.2882108727254913
240,VE078,Vis,1,Response,0.7272727272727273,0.0,inf
241,VE078,Vis,1,Post,0.6,0.08333333333333333,1.6363412302364382
242,VE078,Vis,1,Control,0.5647058823529412,0.1,1.4444629141675187
243,VE078,Vis,1,Stim,0.36363636363636365,0.25,0.3257340546790371
244,VE078,Vis,1,Pre,0.8181818181818182,0.08333333333333333,2.291451995638024
245,VE078,Vis,2,Response,0.2727272727272727,0.25,0.06990440361284467
246,VE078,Vis,2,Post,0.5454545454545454,0.08333333333333333,1.4971794214220668
247,VE078,Vis,2,Control,0.6593406593406593,0.030927835051546393,2.2779932495761948
248,VE078,Vis,2,Stim,0.6,0.0,inf
249,VE078,Vis,2,Pre,0.4444444444444444,0.0,inf
250,VE078,Vis,3,Response,0.4,0.0,inf
251,VE078,Vis,3,Post,0.3333333333333333,0.25,0.2437624509006242
252,VE078,Vis,3,Control,0.5897435897435898,0.0641025641025641,1.7481034909618132
253,VE078,Vis,3,Stim,0.5555555555555556,0.1111111111111111,1.360350647729212
254,VE078,Vis,3,Pre,0.5555555555555556,0.0,inf
255,VE078,PPC,1,Response,0.5,0.125,1.1503493803760083
256,VE078,PPC,1,Post,0.625,0.0,inf
257,VE078,PPC,1,Control,0.7555555555555555,0.0625,2.2261976809665596
258,VE078,PPC,1,Stim,0.5,0.375,0.3186393639643752
259,VE078,PPC,1,Pre,0.625,0.125,1.4689887443403835
260,VE078,PPC,2,Response,0.8571428571428571,0.07692307692307693,2.4936473961509886
261,VE078,PPC,2,Post,0.45454545454545453,0.07692307692307693,1.311891577951419
262,VE078,PPC,2,Control,0.7571428571428571,0.012658227848101266,2.933680891987192
263,VE078,PPC,2,Stim,0.5,0.0,inf
264,VE078,PPC,2,Pre,0.8181818181818182,0.07142857142857142,2.3736916612229084
265,VE078,PPC,3,Response,0.6923076923076923,0.0,inf
266,VE078,PPC,3,Post,0.7142857142857143,0.14285714285714285,1.6335193458110049
267,VE078,PPC,3,Control,0.6448598130841121,0.02727272727272727,2.2939590337549958
268,VE078,PPC,3,Stim,0.46153846153846156,0.15384615384615385,0.9235176174965626
269,VE078,PPC,3,Pre,0.5,0.0,inf
270,VE078,dCA1,1,Response,0.7,0.23076923076923078,1.2607164300841702
271,VE078,dCA1,1,Post,0.6,0.2,1.094968336708714
272,VE078,dCA1,1,Control,0.7674418604651163,0.10416666666666667,1.9886097380612626
273,VE078,dCA1,1,Stim,0.5454545454545454,0.2727272727272727,0.7187706409046654
274,VE078,dCA1,1,Pre,0.6363636363636364,0.0,inf
275,VE078,mPFC,1,Response,0.2,0.0,inf
276,VE078,mPFC,1,Post,0.08333333333333333,0.18181818181818182,-0.4745362585632533
277,VE078,mPFC,1,Control,0.675,0.0641025641025641,1.9749802365958136
278,VE078,mPFC,1,Stim,0.7,0.09090909090909091,1.8595782488269774
279,VE078,mPFC,1,Pre,0.625,0.0,inf
280,VE078,wM2,1,Response,0.42857142857142855,0.0,inf
281,VE078,wM2,1,Post,0.4444444444444444,0.125,1.0106390814941462
282,VE078,wM2,1,Control,0.6610169491525424,0.06666666666666667,1.916326106870096
283,VE078,wM2,1,Stim,0.6666666666666666,0.09090909090909091,1.7659050354143941
284,VE078,wM2,1,Pre,0.0,0.14285714285714285,-inf
285,VE078,wM2,2,Response,0.3333333333333333,0.0,inf
286,VE078,wM2,2,Post,0.25,0.125,0.4758596301799265
287,VE078,wM2,2,Control,0.6857142857142857,0.0821917808219178,1.874217257197201
288,VE078,wM2,2,Stim,0.5555555555555556,0.1,1.4212618644264627
289,VE078,wM2,2,Pre,0.8888888888888888,0.14285714285714285,2.2882108727254913
290,VE078,wM2,3,Response,0.4444444444444444,0.0,inf
291,VE078,wM2,3,Post,0.5384615384615384,0.14285714285714285,1.164129139167781
292,VE078,wM2,3,Control,0.6559139784946236,0.08108108108108109,1.7991735058548628
293,VE078,wM2,3,Stim,0.5714285714285714,0.3333333333333333,0.6107396690881626
294,VE078,wM2,3,Pre,0.5,0.3333333333333333,0.4307272992954576
295,VE078,ALM,1,Response,0.6666666666666666,0.0,inf
296,VE078,ALM,1,Post,0.5,0.1111111111111111,1.2206403488473498
297,VE078,ALM,1,Control,0.6785714285714286,0.10256410256410256,1.7307835027236236
298,VE078,ALM,1,Stim,0.5555555555555556,0.3333333333333333,0.5704375981773198
299,VE078,ALM,1,Pre,0.5714285714285714,0.1,1.4615639353373056
300,VE078,ALM,2,Response,0.2222222222222222,0.09090909090909091,0.5704680623325495
301,VE078,ALM,2,Post,0.5,0.09090909090909091,1.3351777361189368
302,VE078,ALM,2,Control,0.75,0.05813953488372093,2.2450747787635006
303,VE078,ALM,2,Stim,0.6363636363636364,0.2,1.190376929089959
304,VE078,ALM,2,Pre,0.8,0.0,inf
305,VE078,ALM,3,Response,0.2,0.0,inf
306,VE078,ALM,3,Post,0.75,0.0,inf
307,VE078,ALM,3,Control,0.7746478873239436,0.05714285714285714,2.333461014403865
308,VE078,ALM,3,Stim,0.5555555555555556,0.25,0.814200049077944
309,VE078,ALM,3,Pre,0.5,0.2,0.8416212335729143
310,VE078,ALM,4,Response,0.5714285714285714,0.0,inf
311,VE078,ALM,4,Post,0.0,0.0,
312,VE078,ALM,4,Control,0.7424242424242424,0.08571428571428572,2.018465229760166
313,VE078,ALM,4,Stim,1.0,0.2222222222222222,inf
314,VE078,ALM,4,Pre,0.875,0.25,1.8248391305720901
315,VE078,tjM1,1,Response,0.2857142857142857,0.05263157894736842,1.0539074367054067
316,VE078,tjM1,1,Post,0.3076923076923077,0.0,inf
317,VE078,tjM1,1,Control,0.7,0.12857142857142856,1.6575705429676006
318,VE078,tjM1,1,Stim,0.38461538461538464,0.18181818181818182,0.6150766364161919
319,VE078,tjM1,1,Pre,0.45454545454545453,0.1111111111111111,1.1064550545259215
320,VE078,tjM1,2,Response,0.0,0.0,
321,VE078,tjM1,2,Post,0.5,0.1,1.2815515655446006
322,VE078,tjM1,2,Control,0.7307692307692307,0.029411764705882353,2.5046510649294036
323,VE078,tjM1,2,Stim,0.3333333333333333,0.1111111111111111,0.7899130495518922
324,VE078,tjM1,2,Pre,0.4,0.1,1.0282044624088007
325,VE078,tjM1,3,Response,0.5,0.0,inf
326,VE078,tjM1,3,Post,0.4,0.0,inf
327,VE078,tjM1,3,Control,0.7346938775510204,0.1206896551724138,1.7986178589664437
328,VE078,tjM1,3,Stim,0.6,0.16666666666666666,1.220768669237501
329,VE078,tjM1,3,Pre,0.7777777777777778,0.2857142857142857,1.3306584957192502
330,VE078,tjM1,4,Response,0.5,0.0,inf
331,VE078,tjM1,4,Post,0.42857142857142855,0.125,0.9703370105833032
332,VE078,tjM1,4,Control,0.5932203389830508,0.11428571428571428,1.4398837460377933
333,VE078,tjM1,4,Stim,0.3333333333333333,0.125,0.7196220810805507
334,VE078,tjM1,4,Pre,0.8333333333333334,0.1111111111111111,2.188061914949051
335,VE083,wS1,1,Response,0.5555555555555556,0.0,inf
336,VE083,wS1,1,Post,0.6666666666666666,0.1111111111111111,1.6513676481428072
337,VE083,wS1,1,Control,0.6666666666666666,0.07246376811594203,1.8884117630769826
338,VE083,wS1,1,Stim,0.4444444444444444,0.1111111111111111,1.0809300499654877
339,VE083,wS1,1,Pre,0.2222222222222222,0.0,inf
340,VE083,wS1,2,Response,0.5555555555555556,0.125,1.2900596792578705
341,VE083,wS1,2,Post,0.5555555555555556,0.25,0.814200049077944
342,VE083,wS1,2,Control,0.7258064516129032,0.19696969696969696,1.4526738102645396
343,VE083,wS1,2,Stim,0.25,0.0,inf
344,VE083,wS1,2,Pre,0.25,0.1111111111111111,0.546150598651268
345,VE083,wS1,3,Response,0.625,0.5,0.3186393639643752
346,VE083,wS1,3,Post,0.6,0.3333333333333333,0.6840744024312574
347,VE083,wS1,3,Control,0.7169811320754716,0.12280701754385964,1.7349651773298747
348,VE083,wS1,3,Stim,0.2857142857142857,0.2857142857142857,0.0
349,VE083,wS1,3,Pre,0.5555555555555556,0.2857142857142857,0.7056591208147253
350,VE083,wS2,1,Response,0.6666666666666666,0.07692307692307693,1.8568041715683048
351,VE083,wS2,1,Post,0.6666666666666666,0.18181818181818182,1.3391851678328426
352,VE083,wS2,1,Control,0.7402597402597403,0.2247191011235955,1.4004983373583375
353,VE083,wS2,1,Stim,0.3,0.2,0.3172207208648734
354,VE083,wS2,1,Pre,0.6,0.21428571428571427,1.0449857108791745
355,VE083,wS2,2,Response,0.7142857142857143,0.14285714285714285,1.6335193458110049
356,VE083,wS2,2,Post,0.5833333333333334,0.0,inf
357,VE083,wS2,2,Control,0.6434782608695652,0.13043478260869565,1.4921099238249624
358,VE083,wS2,2,Stim,0.1875,0.06666666666666667,0.6139393870251487
359,VE083,wS2,2,Pre,0.6666666666666666,0.13333333333333333,1.541498915932243
360,VE083,wS2,3,Response,0.625,0.14285714285714285,1.386209887842517
361,VE083,wS2,3,Post,0.7777777777777778,0.42857142857142855,0.9447220435790923
362,VE083,wS2,3,Control,0.7419354838709677,0.3076923076923077,1.1517261365598213
363,VE083,wS2,3,Stim,0.125,0.25,-0.4758596301799265
364,VE083,wS2,3,Pre,0.7142857142857143,0.2857142857142857,1.1318976438657262
365,VE083,wM1,1,Response,0.3333333333333333,0.09090909090909091,0.9044504368234791
366,VE083,wM1,1,Post,0.4,0.09090909090909091,1.081830632983137
367,VE083,wM1,1,Control,0.5795454545454546,0.24731182795698925,0.8837041718516446
368,VE083,wM1,1,Stim,0.25,0.2727272727272727,-0.06990440361284467
369,VE083,wM1,1,Pre,0.6666666666666666,0.18181818181818182,1.3391851678328426
370,VE083,wM1,2,Response,0.125,0.0,inf
371,VE083,wM1,2,Post,0.625,0.7142857142857143,-0.2473094579684879
372,VE083,wM1,2,Control,0.6271186440677966,0.3064516129032258,0.8301652383031144
373,VE083,wM1,2,Stim,0.625,0.4444444444444444,0.45834966284623735
374,VE083,wM1,2,Pre,0.625,0.375,0.6372787279287504
375,VE083,wM1,3,Response,0.5555555555555556,0.0,inf
376,VE083,wM1,3,Post,0.6,0.2727272727272727,0.8579324497190369
377,VE083,wM1,3,Control,0.6527777777777778,0.1282051282051282,1.5277474316432207
378,VE083,wM1,3,Stim,0.4444444444444444,0.16666666666666666,0.8277112672198392
379,VE083,wM1,3,Pre,0.6666666666666666,0.3333333333333333,0.861454598590915
380,VE083,Aud,1,Response,0.5,0.0,inf
381,VE083,Aud,1,Post,0.4,0.16666666666666666,0.7140744629659016
382,VE083,Aud,1,Control,0.6521739130434783,0.1320754716981132,1.507830035210312
383,VE083,Aud,1,Stim,0.42857142857142855,0.16666666666666666,0.7874091963089963
384,VE083,Aud,1,Pre,0.8333333333333334,0.3333333333333333,1.398148865397159
385,VE083,Aud,2,Response,0.6363636363636364,0.125,1.499105075893053
386,VE083,Aud,2,Post,0.5,0.1875,0.8871465590188762
387,VE083,Aud,2,Control,0.67,0.15841584158415842,1.4409030825551157
388,VE083,Aud,2,Stim,0.2857142857142857,0.07142857142857142,0.8992849707526597
389,VE083,Aud,2,Pre,0.6666666666666666,0.3333333333333333,0.861454598590915
390,VE083,Aud,3,Response,0.375,0.0,inf
391,VE083,Aud,3,Post,0.42857142857142855,0.1,1.1015391957518954
392,VE083,Aud,3,Control,0.7534246575342466,0.05555555555555555,2.2785250739797216
393,VE083,Aud,3,Stim,0.3,0.0,inf
394,VE083,Aud,3,Pre,0.5555555555555556,0.0,inf
395,VE083,Vis,1,Response,0.4444444444444444,0.0,inf
396,VE083,Vis,1,Post,0.6,0.07142857142857142,1.7185808958213227
397,VE083,Vis,1,Control,0.6976744186046512,0.125,1.6680729331936754
398,VE083,Vis,1,Stim,0.3,0.18181818181818182,0.3840573558293443
399,VE083,Vis,1,Pre,0.36363636363636365,0.3076923076923077,0.15364652785631067
400,VE083,Vis,2,Response,0.8571428571428571,0.0,inf
401,VE083,Vis,2,Post,0.8571428571428571,0.0,inf
402,VE083,Vis,2,Control,0.803921568627451,0.15789473684210525,1.858860398255506
403,VE083,Vis,2,Stim,0.42857142857142855,0.0,inf
404,VE083,Vis,2,Pre,1.0,0.14285714285714285,inf
405,VE083,Vis,3,Response,0.36363636363636365,0.18181818181818182,0.5597021730203404
406,VE083,Vis,3,Post,0.8181818181818182,0.3333333333333333,1.3391851678328432
407,VE083,Vis,3,Control,0.7951807228915663,0.32926829268292684,1.2664643904008333
408,VE083,Vis,3,Stim,0.7777777777777778,0.36363636363636365,1.113465369303432
409,VE083,Vis,3,Pre,0.8,0.36363636363636365,1.190376929089959
410,VE083,PPC,1,Response,0.7272727272727273,0.42857142857142855,0.7845977163759422
411,VE083,PPC,1,Post,0.8181818181818182,0.2,1.7500791021102997
412,VE083,PPC,1,Control,0.797752808988764,0.32653061224489793,1.2831349309904587
413,VE083,PPC,1,Stim,0.5,0.42857142857142855,0.1800123697927051
414,VE083,PPC,1,Pre,0.5454545454545454,0.35714285714285715,0.4802916511219979
415,VE083,PPC,2,Response,0.4444444444444444,0.25,0.5347794513142197
416,VE083,PPC,2,Post,0.3333333333333333,0.375,-0.11208793533108241
417,VE083,PPC,2,Control,0.5797101449275363,0.15942028985507245,1.1979953105425398
418,VE083,PPC,2,Stim,0.375,0.1111111111111111,0.9020009848829746
419,VE083,PPC,2,Pre,0.375,0.25,0.3558503862317066
420,VE083,PPC,3,Response,0.125,0.3333333333333333,-0.7196220810805507
421,VE083,PPC,3,Post,0.4,0.14285714285714285,0.8142234207423421
422,VE083,PPC,3,Control,0.5957446808510638,0.3137254901960784,0.7276655819967643
423,VE083,PPC,3,Stim,0.3333333333333333,0.16666666666666666,0.5366942668062438
424,VE083,PPC,3,Pre,0.2,0.2,0.0
425,VE083,PPC,4,Response,0.6666666666666666,0.0,inf
426,VE083,PPC,4,Post,0.4,0.16666666666666666,0.7140744629659016
427,VE083,PPC,4,Control,0.7045454545454546,0.20930232558139536,1.3463635103161686
428,VE083,PPC,4,Stim,0.6666666666666666,0.2857142857142857,0.9966761212283206
429,VE083,PPC,4,Pre,0.375,0.0,inf
430,VE083,dCA1,1,Response,0.5454545454545454,0.0,inf
431,VE083,dCA1,1,Post,0.7272727272727273,0.5,0.6045853465832371
432,VE083,dCA1,1,Control,0.7763157894736842,0.14102564102564102,1.8355322935714273
433,VE083,dCA1,1,Stim,0.5555555555555556,0.2727272727272727,0.7442956454650993
434,VE083,dCA1,1,Pre,0.6666666666666666,0.1111111111111111,1.6513676481428072
435,VE083,mPFC,1,Response,0.3333333333333333,0.0,inf
436,VE083,mPFC,1,Post,0.2727272727272727,0.25,0.06990440361284467
437,VE083,mPFC,1,Control,0.6777777777777778,0.20430107526881722,1.2878497378655125
438,VE083,mPFC,1,Stim,0.3076923076923077,0.3076923076923077,0.0
439,VE083,mPFC,1,Pre,0.26666666666666666,0.16666666666666666,0.3444958428916136
440,VE083,wM2,1,Response,0.16666666666666666,0.0,inf
441,VE083,wM2,1,Post,0.875,0.5,1.1503493803760083
442,VE083,wM2,1,Control,0.6557377049180327,0.43478260869565216,0.5650688905712539
443,VE083,wM2,1,Stim,0.5,0.3333333333333333,0.4307272992954576
444,VE083,wM2,1,Pre,0.875,0.5555555555555556,1.0106390814941462
445,VE083,wM2,2,Response,0.25,0.0,inf
446,VE083,wM2,2,Post,0.5,0.25,0.6744897501960818
447,VE083,wM2,2,Control,0.4827586206896552,0.0625,1.4908893531997294
448,VE083,wM2,2,Stim,0.5,0.0,inf
449,VE083,wM2,2,Pre,0.3333333333333333,0.5,-0.4307272992954576
450,VE083,wM2,3,Response,0.1111111111111111,0.0,inf
451,VE083,wM2,3,Post,0.6,0.8,-0.5882741304371146
452,VE083,wM2,3,Control,0.782608695652174,0.4675324675324675,0.8625078945833998
453,VE083,wM2,3,Stim,0.3333333333333333,0.3333333333333333,0.0
454,VE083,wM2,3,Pre,0.6666666666666666,0.3,0.9551278120034983
455,VE083,wM2,4,Response,0.3333333333333333,0.0,inf
456,VE083,wM2,4,Post,0.8888888888888888,0.8,0.379019115274435
457,VE083,wM2,4,Control,0.7285714285714285,0.41333333333333333,0.8274768003274433
458,VE083,wM2,4,Stim,0.5714285714285714,0.625,-0.13862699417167024
459,VE083,wM2,4,Pre,0.6666666666666666,0.1,1.712278864840058
460,VE083,ALM,1,Response,0.2,0.0,inf
461,VE083,ALM,1,Post,0.4,0.25,0.42114264706028204
462,VE083,ALM,1,Control,0.75,0.2826086956521739,1.2495990314745202
463,VE083,ALM,1,Stim,0.8,0.2,1.6832424671458286
464,VE083,ALM,1,Pre,0.8333333333333334,0.14285714285714285,2.034992089979843
465,VE083,ALM,2,Response,0.2,0.0,inf
466,VE083,ALM,2,Post,0.5714285714285714,0.3333333333333333,0.6107396690881626
467,VE083,ALM,2,Control,0.6296296296296297,0.11363636363636363,1.5382866219486213
468,VE083,ALM,2,Stim,0.5,0.6,-0.2533471031357998
469,VE083,ALM,2,Pre,0.25,0.2857142857142857,-0.1085409282632187
470,VE083,ALM,3,Response,0.5,0.0,inf
471,VE083,ALM,3,Post,0.36363636363636365,0.16666666666666666,0.6186658705846566
472,VE083,ALM,3,Control,0.7946428571428571,0.16666666666666666,1.7900588571757683
473,VE083,ALM,3,Stim,0.46153846153846156,0.07142857142857142,1.3686751773958836
474,VE083,ALM,3,Pre,0.8571428571428571,0.125,2.21791990425415
475,VE083,tjM1,1,Response,0.125,0.0,inf
476,VE083,tjM1,1,Post,0.625,0.2857142857142857,0.8845881858972383
477,VE083,tjM1,1,Control,0.8135593220338984,0.3728813559322034,1.2153207141714126
478,VE083,tjM1,1,Stim,0.2857142857142857,0.5,-0.5659488219328631
479,VE083,tjM1,1,Pre,0.4,0.2857142857142857,0.31260171879706333
480,VE083,tjM1,2,Response,0.0,0.0,
481,VE083,tjM1,2,Post,0.35714285714285715,0.42857142857142855,-0.18609398700786453
482,VE083,tjM1,2,Control,0.5957446808510638,0.0761904761904762,1.6735197603749423
483,VE083,tjM1,2,Stim,0.42857142857142855,0.23076923076923078,0.5563035475834245
484,VE083,tjM1,2,Pre,0.4166666666666667,0.0,inf
485,VE083,tjM1,3,Response,0.0,0.0,
486,VE083,tjM1,3,Post,0.6666666666666666,0.625,0.11208793533108224
487,VE083,tjM1,3,Control,0.6140350877192983,0.18032786885245902,1.2039678305809787
488,VE083,tjM1,3,Stim,0.6,0.6,0.0
489,VE083,tjM1,3,Pre,0.4,0.5555555555555556,-0.3930574020176619
490,VE084,wS1,1,Response,0.8571428571428571,0.45454545454545453,1.1817558181995698
491,VE084,wS1,1,Post,0.8333333333333334,0.0,inf
492,VE084,wS1,1,Control,0.6461538461538462,0.2413793103448276,1.0768297819945176
493,VE084,wS1,1,Stim,0.2222222222222222,0.4166666666666667,-0.5542812795384625
494,VE084,wS1,1,Pre,0.6666666666666666,0.1,1.712278864840058
495,VE084,wS1,2,Response,0.8,0.0,inf
496,VE084,wS1,2,Post,0.25,0.14285714285714285,0.39308077368206007
497,VE084,wS1,2,Control,0.6595744680851063,0.11538461538461539,1.609681756067696
498,VE084,wS1,2,Stim,0.5714285714285714,0.0,inf
499,VE084,wS1,2,Pre,0.16666666666666666,0.14285714285714285,0.1001489577764405
500,VE084,wS1,3,Response,0.7058823529411765,0.3157894736842105,1.0209007384600381
501,VE084,wS1,3,Post,0.75,0.4444444444444444,0.814200049077944
502,VE084,wS1,3,Control,0.6788321167883211,0.21568627450980393,1.2512805916879786
503,VE084,wS1,3,Stim,0.5,0.10526315789473684,1.2521195202652193
504,VE084,wS1,3,Pre,0.5,0.21052631578947367,0.8045963803603003
505,VE084,wS2,1,Response,0.7142857142857143,0.0,inf
506,VE084,wS2,1,Post,0.42857142857142855,0.0,inf
507,VE084,wS2,1,Control,0.8461538461538461,0.0,inf
508,VE084,wS2,1,Stim,0.0,0.125,-inf
509,VE084,wS2,1,Pre,0.8571428571428571,0.0,inf
510,VE084,wS2,2,Response,0.8888888888888888,0.1,2.50219191439195
511,VE084,wS2,2,Post,0.6666666666666666,0.3333333333333333,0.861454598590915
512,VE084,wS2,2,Control,0.8441558441558441,0.23529411764705882,1.7332080744867557
513,VE084,wS2,2,Stim,0.4166666666666667,0.2727272727272727,0.39415695233531245
514,VE084,wS2,2,Pre,0.875,0.18181818181818182,2.0588072489133937
515,VE084,wS2,3,Response,0.5,0.2857142857142857,0.5659488219328631
516,VE084,wS2,3,Post,0.6666666666666666,0.8333333333333334,-0.536694266806244
517,VE084,wS2,3,Control,0.75,0.32075471698113206,1.1400791471399194
518,VE084,wS2,3,Stim,0.5714285714285714,0.42857142857142855,0.36002473958541004
519,VE084,wS2,3,Pre,0.7142857142857143,0.2857142857142857,1.1318976438657262
520,VE084,wM1,1,Response,0.3333333333333333,0.0,inf
521,VE084,wM1,1,Post,0.5384615384615384,0.5384615384615384,0.0
522,VE084,wM1,1,Control,0.7282608695652174,0.2912621359223301,1.1572629123261078
523,VE084,wM1,1,Stim,0.6666666666666666,0.38461538461538464,0.7241085314166508
524,VE084,wM1,1,Pre,0.9230769230769231,0.3076923076923077,1.928479095646203
525,VE084,wM1,2,Response,0.3333333333333333,0.0,inf
526,VE084,wM1,2,Post,1.0,0.5,inf
527,VE084,wM1,2,Control,0.8,0.21875,1.6180429947208421
528,VE084,wM1,2,Stim,1.0,0.5,inf
529,VE084,wM1,2,Pre,1.0,0.5,inf
530,VE084,wM1,3,Response,0.3333333333333333,0.0,inf
531,VE084,wM1,3,Post,1.0,0.5,inf
532,VE084,wM1,3,Control,0.8,0.21875,1.6180429947208421
533,VE084,wM1,3,Stim,1.0,0.5,inf
534,VE084,wM1,3,Pre,1.0,0.5,inf
535,VE084,wM1,4,Response,0.5,0.0,inf
536,VE084,wM1,4,Post,0.5,0.4166666666666667,0.21042839424792467
537,VE084,wM1,4,Control,0.6629213483146067,0.20652173913043478,1.2389987594784628
538,VE084,wM1,4,Stim,0.6,0.18181818181818182,1.161804971673185
539,VE084,wM1,4,Pre,0.6666666666666666,0.36363636363636365,0.7794829948125022
540,VE084,Aud,1,Response,0.5555555555555556,0.3333333333333333,0.5704375981773198
541,VE084,Aud,1,Post,0.75,0.2,1.5161109837689961
542,VE084,Aud,1,Control,0.8923076923076924,0.3333333333333333,1.6696216788768177
543,VE084,Aud,1,Stim,0.36363636363636365,0.2727272727272727,0.25582965106619243
544,VE084,Aud,1,Pre,0.8888888888888888,0.2727272727272727,1.8252256954305865
545,VE084,Aud,2,Response,0.6428571428571429,0.3333333333333333,0.7968336560960274
546,VE084,Aud,2,Post,0.38461538461538464,0.21428571428571427,0.49825737562218136
547,VE084,Aud,2,Control,0.71875,0.35398230088495575,0.953723250543552
548,VE084,Aud,2,Stim,0.46153846153846156,0.3076923076923077,0.40584360808371633
549,VE084,Aud,2,Pre,0.9166666666666666,0.42857142857142855,1.5630064968933435
550,VE084,Aud,3,Response,0.6666666666666666,0.18181818181818182,1.3391851678328426
551,VE084,Aud,3,Post,0.5,0.2727272727272727,0.6045853465832371
552,VE084,Aud,3,Control,0.7375,0.23863636363636365,1.3463528711527801
553,VE084,Aud,3,Stim,0.1,0.2727272727272727,-0.6769662189613634
554,VE084,Aud,3,Pre,0.9,0.25,1.9560413157406824
555,VE084,Vis,1,Response,0.5714285714285714,0.1,1.4615639353373056
556,VE084,Vis,1,Post,0.7777777777777778,0.0,inf
557,VE084,Vis,1,Control,0.6451612903225806,0.047058823529411764,2.0463552683057347
558,VE084,Vis,1,Stim,0.1111111111111111,0.1,0.06091121669725075
559,VE084,Vis,1,Pre,0.14285714285714285,0.1,0.2139810416664587
560,VE084,Vis,2,Response,0.3333333333333333,0.16666666666666666,0.5366942668062438
561,VE084,Vis,2,Post,0.8,0.3,1.3660217462809552
562,VE084,Vis,2,Control,0.7142857142857143,0.46511627906976744,0.6535010684190428
563,VE084,Vis,2,Stim,0.4444444444444444,0.45454545454545453,-0.02552500456043373
564,VE084,Vis,2,Pre,0.7272727272727273,0.18181818181818182,1.5130432151206223
565,VE084,Vis,3,Response,0.6923076923076923,0.3076923076923077,1.0048044467467108
566,VE084,Vis,3,Post,0.7692307692307693,0.2857142857142857,1.3022647393089928
567,VE084,Vis,3,Control,0.7669902912621359,0.3557692307692308,1.0987616527177342
568,VE084,Vis,3,Stim,0.7142857142857143,0.38461538461538464,0.8593300540540565
569,VE084,Vis,3,Pre,0.6923076923076923,0.15384615384615385,1.522478456159557
570,VE084,PPC,1,Response,0.6923076923076923,0.15384615384615385,1.522478456159557
571,VE084,PPC,1,Post,0.5,0.14285714285714285,1.0675705238781419
572,VE084,PPC,1,Control,0.6470588235294118,0.08181818181818182,1.7703371405585655
573,VE084,PPC,1,Stim,0.6,0.0,inf
574,VE084,PPC,1,Pre,0.6666666666666666,0.0,inf
575,VE084,PPC,2,Response,0.7777777777777778,0.3,1.289110186494428
576,VE084,PPC,2,Post,0.8571428571428571,0.4444444444444444,1.2072808227600036
577,VE084,PPC,2,Control,0.6944444444444444,0.3142857142857143,0.9922266121554597
578,VE084,PPC,2,Stim,0.5,0.0,inf
579,VE084,PPC,2,Pre,0.8888888888888888,0.0,inf
580,VE084,PPC,3,Response,0.7777777777777778,0.2222222222222222,1.5294193475727744
581,VE084,PPC,3,Post,0.7777777777777778,0.5555555555555556,0.6249993749045251
582,VE084,PPC,3,Control,0.8333333333333334,0.29577464788732394,1.5040138202030287
583,VE084,PPC,3,Stim,0.5,0.3333333333333333,0.4307272992954576
584,VE084,PPC,3,Pre,0.8888888888888888,0.4444444444444444,1.3603506477292115
585,VE084,dCA1,1,Response,0.7272727272727273,0.2727272727272727,1.2091706931664743
586,VE084,dCA1,1,Post,0.5833333333333334,0.3,0.7348289069559657
587,VE084,dCA1,1,Control,0.8117647058823529,0.25,1.558907790023679
588,VE084,dCA1,1,Stim,0.8,0.18181818181818182,1.7500791021102997
589,VE084,dCA1,1,Pre,0.7,0.2,1.366021746280955
590,VE084,mPFC,1,Response,0.3333333333333333,0.0,inf
591,VE084,mPFC,1,Post,0.5384615384615384,0.45454545454545453,0.21074390961106748
592,VE084,mPFC,1,Control,0.72,0.16666666666666666,1.5502630733729177
593,VE084,mPFC,1,Stim,0.5,0.2,0.8416212335729143
594,VE084,mPFC,1,Pre,0.5,0.26666666666666666,0.6229257232100878
595,VE084,wM2,1,Response,0.2,0.0,inf
596,VE084,wM2,1,Post,0.8888888888888888,0.5,1.2206403488473494
597,VE084,wM2,1,Control,0.8833333333333333,0.2,2.0334374052543085
598,VE084,wM2,1,Stim,0.625,0.14285714285714285,1.386209887842517
599,VE084,wM2,1,Pre,1.0,0.125,inf
600,VE084,wM2,2,Response,0.2,0.0,inf
601,VE084,wM2,2,Post,0.2,0.16666666666666666,0.12580033252878708
602,VE084,wM2,2,Control,0.6410256410256411,0.15555555555555556,1.3740949751560112
603,VE084,wM2,2,Stim,0.5,0.16666666666666666,0.9674215661017014
604,VE084,wM2,2,Pre,0.5,0.16666666666666666,0.9674215661017014
605,VE084,wM2,3,Response,0.5714285714285714,0.0,inf
606,VE084,wM2,3,Post,0.25,0.2857142857142857,-0.1085409282632187
607,VE084,wM2,3,Control,0.7017543859649122,0.1694915254237288,1.485629556464851
608,VE084,wM2,3,Stim,0.5,0.25,0.6744897501960818
609,VE084,wM2,3,Pre,0.6,0.14285714285714285,1.3209176270139418
610,VE084,ALM,1,Response,0.3333333333333333,0.0,inf
611,VE084,ALM,1,Post,0.7272727272727273,0.2727272727272727,1.2091706931664743
612,VE084,ALM,1,Control,0.8444444444444444,0.2717391304347826,1.6204549596573647
613,VE084,ALM,1,Stim,0.5,0.45454545454545453,0.11418529432142839
614,VE084,ALM,1,Pre,0.8333333333333334,0.2,1.8090427996746157
615,VE084,ALM,2,Response,0.5,0.0,inf
616,VE084,ALM,2,Post,0.3333333333333333,0.5,-0.4307272992954576
617,VE084,ALM,2,Control,0.7872340425531915,0.2692307692307692,1.4120018434226873
618,VE084,ALM,2,Stim,0.42857142857142855,0.0,inf
619,VE084,ALM,2,Pre,0.75,0.5,0.6744897501960818
620,VE084,ALM,3,Response,0.5714285714285714,0.0,inf
621,VE084,ALM,3,Post,0.8571428571428571,0.25,1.7420602740742233
622,VE084,ALM,3,Control,0.8035714285714286,0.2711864406779661,1.4636760657099877
623,VE084,ALM,3,Stim,0.42857142857142855,0.5,-0.1800123697927051
624,VE084,ALM,3,Pre,1.0,0.5714285714285714,inf
625,VE084,ALM,4,Response,0.3333333333333333,0.0,inf
626,VE084,ALM,4,Post,0.8888888888888888,0.5555555555555556,1.0809300499654872
627,VE084,ALM,4,Control,0.821917808219178,0.18666666666666668,1.812945318608438
628,VE084,ALM,4,Stim,0.5555555555555556,0.0,inf
629,VE084,ALM,4,Pre,0.7777777777777778,0.3333333333333333,1.1954369730818448
630,VE084,tjM1,1,Response,0.16666666666666666,0.0,inf
631,VE084,tjM1,1,Post,0.75,0.375,0.993129114160457
632,VE084,tjM1,1,Control,0.7894736842105263,0.38095238095238093,1.1075768284165068
633,VE084,tjM1,1,Stim,0.5,0.25,0.6744897501960818
634,VE084,tjM1,1,Pre,1.0,0.5,inf
635,VE084,tjM1,2,Response,0.6923076923076923,0.08333333333333333,1.885396350473994
636,VE084,tjM1,2,Post,0.23076923076923078,0.06666666666666667,0.7647700286678953
637,VE084,tjM1,2,Control,0.75,0.0761904761904762,2.105661658829222
638,VE084,tjM1,2,Stim,0.5833333333333334,0.08333333333333333,1.5934225213485633
639,VE084,tjM1,2,Pre,0.9090909090909091,0.16666666666666666,2.3025993022206377
640,VE084,tjM1,3,Response,0.1,0.0,inf
641,VE084,tjM1,3,Post,0.4090909090909091,0.5238095238095238,-0.28960121736455496
642,VE084,tjM1,3,Control,0.7261146496815286,0.3812154696132597,0.9033941089201992
643,VE084,tjM1,3,Stim,0.4166666666666667,0.45454545454545453,-0.09624309992649628
644,VE084,tjM1,3,Pre,0.7,0.21739130434782608,1.3054343242307493
645,VE084,tjM1,4,Response,0.5,0.0,inf
646,VE084,tjM1,4,Post,0.5625,0.29411764705882354,0.6987057697392586
647,VE084,tjM1,4,Control,0.752,0.25984251968503935,1.3246279031060122
648,VE084,tjM1,4,Stim,0.5625,0.2,0.998931918183085
649,VE084,tjM1,4,Pre,0.6,0.2,1.094968336708714
650,VE085,wS1,1,Response,0.9090909090909091,0.07692307692307693,2.761254608391784
651,VE085,wS1,1,Post,0.5454545454545454,0.25,0.78867504451751
652,VE085,wS1,1,Control,0.6947368421052632,0.030612244897959183,2.3811930503303858
653,VE085,wS1,1,Stim,0.25,0.08333333333333333,0.7085043769045567
654,VE085,wS1,1,Pre,0.5,0.0,inf
655,VE085,wS1,2,Response,0.75,0.0,inf
656,VE085,wS1,2,Post,0.5714285714285714,0.1111111111111111,1.4006527186400548
657,VE085,wS1,2,Control,0.75,0.03333333333333333,2.5084043860119962
658,VE085,wS1,2,Stim,0.5,0.14285714285714285,1.0675705238781419
659,VE085,wS1,2,Pre,0.6666666666666666,0.0,inf
660,VE085,wS2,1,Response,0.7,0.1,1.8059520782526413
661,VE085,wS2,1,Post,0.7,0.2727272727272727,1.1289858592912778
662,VE085,wS2,1,Control,0.8589743589743589,0.19047619047619047,1.9518655718083493
663,VE085,wS2,1,Stim,0.5,0.09090909090909091,1.3351777361189368
664,VE085,wS2,1,Pre,0.8181818181818182,0.09090909090909091,2.243635604656322
665,VE085,wS2,2,Response,1.0,0.0,inf
666,VE085,wS2,2,Post,1.0,0.0,inf
667,VE085,wS2,2,Control,0.8809523809523809,0.10416666666666667,2.4379226786749575
668,VE085,wS2,2,Stim,0.16666666666666666,0.0,inf
669,VE085,wS2,2,Pre,1.0,0.4,inf
670,VE085,wM1,1,Response,0.7857142857142857,0.13333333333333333,1.9024102243801604
671,VE085,wM1,1,Post,0.6153846153846154,0.5333333333333333,0.20972949821406436
672,VE085,wM1,1,Control,0.8645833333333334,0.37142857142857144,1.4292176159055048
673,VE085,wM1,1,Stim,0.6923076923076923,0.3333333333333333,0.933129522668813
674,VE085,wM1,1,Pre,0.9166666666666666,0.23076923076923078,2.1193100444767676
675,VE085,wM1,2,Response,0.5,0.14285714285714285,1.0675705238781419
676,VE085,wM1,2,Post,0.5,0.16666666666666666,0.9674215661017014
677,VE085,wM1,2,Control,0.9210526315789473,0.10204081632653061,2.6821959939762996
678,VE085,wM1,2,Stim,0.16666666666666666,0.2,-0.12580033252878708
679,VE085,wM1,2,Pre,0.6666666666666666,0.2,1.2723485328683717
680,VE085,Aud,1,Response,0.6842105263157895,0.0,inf
681,VE085,Aud,1,Post,0.5,0.25,0.6744897501960818
682,VE085,Aud,1,Control,0.6865671641791045,0.125,1.636492535207483
683,VE085,Aud,1,Stim,0.125,0.16666666666666666,-0.18292781427430693
684,VE085,Aud,1,Pre,0.6875,0.0,inf
685,VE085,Aud,2,Response,0.8888888888888888,0.0,inf
686,VE085,Aud,2,Post,0.75,0.3333333333333333,1.1052170494915394
687,VE085,Aud,2,Control,0.8095238095238095,0.07142857142857142,2.3413766419323636
688,VE085,Aud,2,Stim,0.2,0.2,0.0
689,VE085,Aud,2,Pre,0.8,0.0,inf
690,VE085,Vis,1,Response,0.5,0.5,0.0
691,VE085,Vis,1,Post,0.6,0.2,1.094968336708714
692,VE085,Vis,1,Control,0.8620689655172413,0.37209302325581395,1.4159769739509016
693,VE085,Vis,1,Stim,0.42857142857142855,0.2,0.6616088637802092
694,VE085,Vis,1,Pre,1.0,0.0,inf
695,VE085,Vis,2,Response,0.5714285714285714,0.5,0.18001236979270496
696,VE085,Vis,2,Post,0.7777777777777778,0.1,2.046261239330988
697,VE085,Vis,2,Control,0.7848101265822784,0.3132530120481928,1.275192498795314
698,VE085,Vis,2,Stim,0.5833333333333334,0.18181818181818182,1.11888626278531
699,VE085,Vis,2,Pre,0.5833333333333334,0.5,0.21042839424792484
700,VE085,Vis,3,Response,0.8,0.375,1.1602605975372895
701,VE085,Vis,3,Post,0.8333333333333334,0.75,0.29293181590561956
702,VE085,Vis,3,Control,0.8653846153846154,0.48214285714285715,1.1496119206576267
703,VE085,Vis,3,Stim,0.75,0.5,0.6744897501960818
704,VE085,Vis,3,Pre,0.8571428571428571,0.875,-0.08277885649786687
705,VE085,PPC,1,Response,0.375,0.23076923076923078,0.41767655341175436
706,VE085,PPC,1,Post,0.36363636363636365,0.2222222222222222,0.4159539782693425
707,VE085,PPC,1,Control,0.6842105263157895,0.2,1.3211268869038644
708,VE085,PPC,1,Stim,0.45454545454545453,0.2727272727272727,0.49040005226180877
709,VE085,PPC,1,Pre,0.5,0.18181818181818182,0.9084578685373852
710,VE085,PPC,2,Response,0.2857142857142857,0.2222222222222222,0.1987608518535241
711,VE085,PPC,2,Post,0.5555555555555556,0.25,0.814200049077944
712,VE085,PPC,2,Control,0.671875,0.18461538461538463,1.3430117085304851
713,VE085,PPC,2,Stim,0.0,0.1111111111111111,-inf
714,VE085,PPC,2,Pre,0.5,0.25,0.6744897501960818
715,VE085,PPC,3,Response,0.7272727272727273,0.5,0.6045853465832371
716,VE085,PPC,3,Post,0.6363636363636364,0.3333333333333333,0.7794829948125024
717,VE085,PPC,3,Control,0.7317073170731707,0.3191489361702128,1.088064774817266
718,VE085,PPC,3,Stim,0.4444444444444444,0.16666666666666666,0.8277112672198392
719,VE085,PPC,3,Pre,0.6,0.36363636363636365,0.6021027986528444
720,VE085,dCA1,1,Response,0.5555555555555556,0.125,1.2900596792578705
721,VE085,dCA1,1,Post,0.875,0.125,2.3006987607520166
722,VE085,dCA1,1,Control,0.7758620689655172,0.21311475409836064,1.5539528562750815
723,VE085,dCA1,1,Stim,0.5,0.0,inf
724,VE085,dCA1,1,Pre,0.5714285714285714,0.125,1.3303617501687133
725,VE085,mPFC,1,Response,0.3333333333333333,0.0,inf
726,VE085,mPFC,1,Post,0.2222222222222222,0.125,0.3856397065896211
727,VE085,mPFC,1,Control,0.803030303030303,0.23943661971830985,1.560611010022291
728,VE085,mPFC,1,Stim,0.14285714285714285,0.25,-0.39308077368206007
729,VE085,mPFC,1,Pre,0.3,0.2,0.3172207208648734
730,VE085,wM2,1,Response,0.6,0.14285714285714285,1.3209176270139418
731,VE085,wM2,1,Post,0.7142857142857143,0.7142857142857143,0.0
732,VE085,wM2,1,Control,0.8333333333333334,0.49056603773584906,0.9910712070323207
733,VE085,wM2,1,Stim,0.8571428571428571,0.6666666666666666,0.636843224582684
734,VE085,wM2,1,Pre,0.8,0.8333333333333334,-0.12580033252878697
735,VE085,wM2,2,Response,0.14285714285714285,0.0,inf
736,VE085,wM2,2,Post,0.3076923076923077,0.5555555555555556,-0.6421125222552175
737,VE085,wM2,2,Control,0.5774647887323944,0.19444444444444445,1.057046120842002
738,VE085,wM2,2,Stim,0.4,0.4444444444444444,-0.11363680425393766
739,VE085,wM2,2,Pre,0.375,0.2222222222222222,0.446070309822012
740,VE085,wM2,3,Response,0.4,0.14285714285714285,0.8142234207423421
741,VE085,wM2,3,Post,0.625,0.6666666666666666,-0.11208793533108224
742,VE085,wM2,3,Control,0.7631578947368421,0.375,1.0351368641423666
743,VE085,wM2,3,Stim,0.8571428571428571,1.0,-inf
744,VE085,wM2,3,Pre,0.7142857142857143,0.2857142857142857,1.1318976438657262
745,VE085,ALM,1,Response,0.0,0.0,
746,VE085,ALM,1,Post,0.2222222222222222,0.125,0.3856397065896211
747,VE085,ALM,1,Control,0.6,0.29333333333333333,0.7970198834346199
748,VE085,ALM,1,Stim,0.6,0.125,1.403696483511808
749,VE085,ALM,1,Pre,0.6666666666666666,0.3,0.9551278120034983
750,VE085,ALM,2,Response,0.2,0.0,inf
751,VE085,ALM,2,Post,0.16666666666666666,0.2,-0.12580033252878708
752,VE085,ALM,2,Control,0.6875,0.16279069767441862,1.4718293280108599
753,VE085,ALM,2,Stim,0.16666666666666666,0.0,inf
754,VE085,ALM,2,Pre,0.2,0.2,0.0
755,VE085,ALM,3,Response,0.2,0.0,inf
756,VE085,ALM,3,Post,0.16666666666666666,0.2,-0.12580033252878708
757,VE085,ALM,3,Control,0.6875,0.16279069767441862,1.4718293280108599
758,VE085,ALM,3,Stim,0.16666666666666666,0.0,inf
759,VE085,ALM,3,Pre,0.2,0.2,0.0
760,VE085,ALM,4,Response,0.3333333333333333,0.25,0.2437624509006242
761,VE085,ALM,4,Post,0.8,0.6,0.5882741304371146
762,VE085,ALM,4,Control,0.8787878787878788,0.1,2.4505004100760828
763,VE085,ALM,4,Stim,0.5,0.75,-0.6744897501960818
764,VE085,ALM,4,Pre,0.75,0.2,1.5161109837689961
765,VE085,tjM1,1,Response,0.36363636363636365,0.1,0.9327958700275558
766,VE085,tjM1,1,Post,0.5,0.5,0.0
767,VE085,tjM1,1,Control,0.9076923076923077,0.3918918918918919,1.6010689948950687
768,VE085,tjM1,1,Stim,0.6666666666666666,0.4,0.6840744024312573
769,VE085,tjM1,1,Pre,0.5555555555555556,0.4444444444444444,0.27942059776372424
770,VE085,tjM1,2,Response,0.09090909090909091,0.0,inf
771,VE085,tjM1,2,Post,0.5,0.1111111111111111,1.2206403488473498
772,VE085,tjM1,2,Control,0.609375,0.1388888888888889,1.3630153478983356
773,VE085,tjM1,2,Stim,0.5,0.4,0.2533471031357998
774,VE085,tjM1,2,Pre,0.7777777777777778,0.3333333333333333,1.1954369730818448
775,VE085,tjM1,3,Response,0.35714285714285715,0.0,inf
776,VE085,tjM1,3,Post,0.42857142857142855,0.25,0.49447738040337674
777,VE085,tjM1,3,Control,0.6741573033707865,0.25,1.1259118014993308
778,VE085,tjM1,3,Stim,0.8,0.35714285714285715,1.207727590373484
779,VE085,tjM1,3,Pre,0.7142857142857143,0.36363636363636365,0.9147045174499078
780,VE086,wS1,1,Response,0.8333333333333334,0.25,1.6419113162977832
781,VE086,wS1,1,Post,0.375,0.1111111111111111,0.9020009848829746
782,VE086,wS1,1,Control,0.6285714285714286,0.12,1.5030588995977414
783,VE086,wS1,1,Stim,0.2222222222222222,0.0,inf
784,VE086,wS1,1,Pre,0.2222222222222222,0.125,0.3856397065896211
785,VE086,wS1,2,Response,1.0,0.0,inf
786,VE086,wS1,2,Post,0.8333333333333334,0.14285714285714285,2.034992089979843
787,VE086,wS1,2,Control,0.7924528301886793,0.08823529411764706,2.166663754780991
788,VE086,wS1,2,Stim,0.2,0.0,inf
789,VE086,wS1,2,Pre,0.7142857142857143,0.0,inf
790,VE086,wS1,3,Response,0.6,0.1111111111111111,1.4739874519831497
791,VE086,wS1,3,Post,0.8,0.125,1.9919706139489226
792,VE086,wS1,3,Control,0.8,0.06944444444444445,2.3215626226081065
793,VE086,wS1,3,Stim,0.6,0.1111111111111111,1.4739874519831497
794,VE086,wS1,3,Pre,0.4444444444444444,0.0,inf
795,VE086,wS2,1,Response,0.7142857142857143,0.25,1.2404385721289448
796,VE086,wS2,1,Post,0.5,0.16666666666666666,0.9674215661017014
797,VE086,wS2,1,Control,0.6739130434782609,0.07692307692307693,1.8768210848882068
798,VE086,wS2,1,Stim,0.2222222222222222,0.42857142857142855,-0.5846973039936821
799,VE086,wS2,1,Pre,0.5714285714285714,0.2857142857142857,0.7459611917255681
800,VE086,wS2,2,Response,0.6666666666666666,0.14285714285714285,1.4982978231735993
801,VE086,wS2,2,Post,0.5,0.2857142857142857,0.5659488219328631
802,VE086,wS2,2,Control,0.5714285714285714,0.07272727272727272,1.6357883949097223
803,VE086,wS2,2,Stim,0.0,0.0,
804,VE086,wS2,2,Pre,0.14285714285714285,0.125,0.08277885649786643
805,VE086,wS2,3,Response,0.7777777777777778,0.0,inf
806,VE086,wS2,3,Post,0.9,0.18181818181818182,2.190009434081986
807,VE086,wS2,3,Control,0.6470588235294118,0.05128205128205128,2.0099399096749027
808,VE086,wS2,3,Stim,0.1111111111111111,0.0,inf
809,VE086,wS2,3,Pre,0.4444444444444444,0.0,inf
810,VE086,wM1,1,Response,0.14285714285714285,0.0,inf
811,VE086,wM1,1,Post,0.2222222222222222,0.1,0.5168418917582134
812,VE086,wM1,1,Control,0.7333333333333333,0.15492957746478872,1.638443336503573
813,VE086,wM1,1,Stim,0.5,0.2222222222222222,0.7647096737863872
814,VE086,wM1,1,Pre,0.4,0.2,0.5882741304371145
815,VE086,wM1,2,Response,0.42857142857142855,0.14285714285714285,0.8875581540854368
816,VE086,wM1,2,Post,0.3333333333333333,0.375,-0.11208793533108241
817,VE086,wM1,2,Control,0.6744186046511628,0.17307692307692307,1.394223185763312
818,VE086,wM1,2,Stim,0.6,0.25,0.9278368533318816
819,VE086,wM1,2,Pre,0.6,0.5,0.2533471031357998
820,VE086,wM1,3,Response,0.375,0.3333333333333333,0.11208793533108241
821,VE086,wM1,3,Post,0.5,0.2727272727272727,0.6045853465832371
822,VE086,wM1,3,Control,0.8,0.26666666666666666,1.464546956783002
823,VE086,wM1,3,Stim,0.6,0.3,0.7777476158438407
824,VE086,wM1,3,Pre,0.875,0.18181818181818182,2.0588072489133937
825,VE086,Aud,1,Response,0.4,0.0,inf
826,VE086,Aud,1,Post,0.6,0.16666666666666666,1.220768669237501
827,VE086,Aud,1,Control,0.7105263157894737,0.024390243902439025,2.525428245872983
828,VE086,Aud,1,Stim,0.0,0.0,
829,VE086,Aud,1,Pre,0.4,0.0,inf
830,VE086,Aud,2,Response,0.7142857142857143,0.25,1.2404385721289448
831,VE086,Aud,2,Post,0.6666666666666666,0.25,1.1052170494915392
832,VE086,Aud,2,Control,0.6415094339622641,0.1016949152542373,1.6344493424980064
833,VE086,Aud,2,Stim,0.14285714285714285,0.0,inf
834,VE086,Aud,2,Pre,0.7142857142857143,0.0,inf
835,VE086,Aud,3,Response,0.6363636363636364,0.0,inf
836,VE086,Aud,3,Post,0.6363636363636364,0.14285714285714285,1.4163262193951867
837,VE086,Aud,3,Control,0.7244897959183674,0.0380952380952381,2.3694625293570932
838,VE086,Aud,3,Stim,0.07142857142857142,0.0,inf
839,VE086,Aud,3,Pre,0.6363636363636364,0.0,inf
840,VE086,Vis,1,Response,0.5,0.25,0.6744897501960818
841,VE086,Vis,1,Post,0.5,0.25,0.6744897501960818
842,VE086,Vis,1,Control,0.6071428571428571,0.10344827586206896,1.5340251820220687
843,VE086,Vis,1,Stim,0.5,0.3333333333333333,0.4307272992954576
844,VE086,Vis,1,Pre,0.25,0.0,inf
845,VE086,Vis,2,Response,0.7777777777777778,0.3333333333333333,1.1954369730818448
846,VE086,Vis,2,Post,1.0,0.4444444444444444,inf
847,VE086,Vis,2,Control,0.8769230769230769,0.2054794520547945,1.9819493817415097
848,VE086,Vis,2,Stim,0.9,0.3333333333333333,1.7122788648400582
849,VE086,Vis,2,Pre,0.5555555555555556,0.2222222222222222,0.9044199726682494
850,VE086,Vis,3,Response,0.875,0.09090909090909091,2.485527116494945
851,VE086,Vis,3,Post,1.0,0.18181818181818182,inf
852,VE086,Vis,3,Control,0.8,0.12658227848101267,1.984317893731757
853,VE086,Vis,3,Stim,0.6666666666666666,0.08333333333333333,1.813721426396096
854,VE086,Vis,3,Pre,0.8,0.2222222222222222,1.6063309073593017
855,VE086,PPC,1,Response,0.5384615384615384,0.1,1.3781101808342398
856,VE086,PPC,1,Post,0.3333333333333333,0.08333333333333333,0.9522668278051809
857,VE086,PPC,1,Control,0.6597938144329897,0.11956521739130435,1.589063523958139
858,VE086,PPC,1,Stim,0.3333333333333333,0.21428571428571427,0.3609113084479171
859,VE086,PPC,1,Pre,0.3076923076923077,0.13333333333333333,0.6083693932634302
860,VE086,PPC,2,Response,0.4,0.0,inf
861,VE086,PPC,2,Post,0.5,0.16666666666666666,0.9674215661017014
862,VE086,PPC,2,Control,0.75,0.09259259259259259,1.9994474390890593
863,VE086,PPC,2,Stim,0.42857142857142855,0.3333333333333333,0.25071492950275254
864,VE086,PPC,2,Pre,0.42857142857142855,0.16666666666666666,0.7874091963089963
865,VE086,PPC,3,Response,0.5,0.3333333333333333,0.4307272992954576
866,VE086,PPC,3,Post,0.3333333333333333,0.2,0.4108939342774567
867,VE086,PPC,3,Control,0.7272727272727273,0.044444444444444446,2.305873513435497
868,VE086,PPC,3,Stim,0.3333333333333333,0.0,inf
869,VE086,PPC,3,Pre,0.8,0.2,1.6832424671458286
870,VE086,dCA1,1,Response,0.4444444444444444,0.2222222222222222,0.6249993749045251
871,VE086,dCA1,1,Post,0.8888888888888888,0.6363636363636364,0.8718846533303046
872,VE086,dCA1,1,Control,0.8245614035087719,0.14814814814814814,1.9772979680785663
873,VE086,dCA1,1,Stim,0.5555555555555556,0.1111111111111111,1.360350647729212
874,VE086,dCA1,1,Pre,0.2857142857142857,0.0,inf
875,VE086,mPFC,1,Response,0.5,0.0,inf
876,VE086,mPFC,1,Post,0.0,0.0,
877,VE086,mPFC,1,Control,0.6176470588235294,0.023255813953488372,2.2900273720476996
878,VE086,mPFC,1,Stim,0.25,0.0,inf
879,VE086,mPFC,1,Pre,0.16666666666666666,0.0,inf
880,VE086,mPFC,2,Response,0.5,0.2222222222222222,0.7647096737863872
881,VE086,mPFC,2,Post,0.3,0.14285714285714285,0.543170011170101
882,VE086,mPFC,2,Control,0.7571428571428571,0.057971014492753624,2.2691781830885853
883,VE086,mPFC,2,Stim,0.5,0.25,0.6744897501960818
884,VE086,mPFC,2,Pre,0.6666666666666666,0.25,1.1052170494915392
885,VE086,wM2,1,Response,0.0,0.0,
886,VE086,wM2,1,Post,0.2,0.1,0.4399303319716863
887,VE086,wM2,1,Control,0.7285714285714285,0.18666666666666668,1.4987450217702638
888,VE086,wM2,1,Stim,0.2,0.0,inf
889,VE086,wM2,1,Pre,0.5555555555555556,0.1,1.4212618644264627
890,VE086,wM2,2,Response,0.0,0.0,
891,VE086,wM2,2,Post,0.25,0.0,inf
892,VE086,wM2,2,Control,0.5555555555555556,0.03333333333333333,1.9736249346977766
893,VE086,wM2,2,Stim,0.3333333333333333,0.0,inf
894,VE086,wM2,2,Pre,0.5,0.0,inf
895,VE086,wM2,3,Response,0.0,0.0,
896,VE086,wM2,3,Post,0.4444444444444444,0.125,1.0106390814941462
897,VE086,wM2,3,Control,0.803921568627451,0.1875,1.742858989611848
898,VE086,wM2,3,Stim,0.42857142857142855,0.2222222222222222,0.5846973039936821
899,VE086,wM2,3,Pre,0.625,0.2857142857142857,0.8845881858972383
900,VE086,ALM,1,Response,0.0,0.0,
901,VE086,ALM,1,Post,0.4,0.0,inf
902,VE086,ALM,1,Control,0.625,0.06451612903225806,1.8365685235586542
903,VE086,ALM,1,Stim,0.25,0.2,0.16713148337683248
904,VE086,ALM,1,Pre,0.75,0.0,inf
905,VE086,ALM,2,Response,0.6,0.0,inf
906,VE086,ALM,2,Post,0.6666666666666666,0.2857142857142857,0.9966761212283206
907,VE086,ALM,2,Control,0.7333333333333333,0.2,1.464546956783002
908,VE086,ALM,2,Stim,0.42857142857142855,0.5,-0.1800123697927051
909,VE086,ALM,2,Pre,0.6666666666666666,0.5,0.43072729929545744
910,VE086,ALM,3,Response,0.5,0.0,inf
911,VE086,ALM,3,Post,0.3,0.09090909090909091,0.8107772234108959
912,VE086,ALM,3,Control,0.7183098591549296,0.05813953488372093,2.1484129805956846
913,VE086,ALM,3,Stim,0.7,0.2727272727272727,1.1289858592912778
914,VE086,ALM,3,Pre,0.7,0.09090909090909091,1.8595782488269774
915,VE086,tjM1,1,Response,0.2,0.0,inf
916,VE086,tjM1,1,Post,0.125,0.0,inf
917,VE086,tjM1,1,Control,0.7536231884057971,0.012195121951219513,2.936861449552186
918,VE086,tjM1,1,Stim,0.18181818181818182,0.0,inf
919,VE086,tjM1,1,Pre,0.45454545454545453,0.09090909090909091,1.2209924417975084
920,VE086,tjM1,2,Response,0.0,0.0,
921,VE086,tjM1,2,Post,0.4,0.16666666666666666,0.7140744629659016
922,VE086,tjM1,2,Control,0.6521739130434783,0.08163265306122448,1.7853694670585964
923,VE086,tjM1,2,Stim,0.3333333333333333,0.0,inf
924,VE086,tjM1,2,Pre,0.6,0.0,inf
925,VE086,tjM1,3,Response,0.16666666666666666,0.0,inf
926,VE086,tjM1,3,Post,0.25,0.16666666666666666,0.29293181590561956
927,VE086,tjM1,3,Control,0.8958333333333334,0.125,2.4085109414391055
928,VE086,tjM1,3,Stim,0.6666666666666666,0.3333333333333333,0.861454598590915
929,VE086,tjM1,3,Pre,0.42857142857142855,0.5,-0.1800123697927051
930,VE088,wS1,1,Response,0.5,0.0,inf
931,VE088,wS1,1,Post,0.3333333333333333,0.0,inf
932,VE088,wS1,1,Control,0.7333333333333333,0.13157894736842105,1.7418841042726476
933,VE088,wS1,1,Stim,0.75,0.0,inf
934,VE088,wS1,1,Pre,0.6,0.0,inf
935,VE088,wS1,2,Response,0.6,0.0,inf
936,VE088,wS1,2,Post,0.75,0.16666666666666666,1.6419113162977832
937,VE088,wS1,2,Control,0.6904761904761905,0.1951219512195122,1.3563757002774044
938,VE088,wS1,2,Stim,0.25,0.2,0.16713148337683248
939,VE088,wS1,2,Pre,0.6666666666666666,0.42857142857142855,0.6107396690881626
940,VE088,wS1,3,Response,0.2857142857142857,0.125,0.5844005584431452
941,VE088,wS1,3,Post,0.3333333333333333,0.1111111111111111,0.7899130495518922
942,VE088,wS1,3,Control,0.509090909090909,0.05970149253731343,1.5800738704689554
943,VE088,wS1,3,Stim,0.6666666666666666,0.1111111111111111,1.6513676481428072
944,VE088,wS1,3,Pre,0.875,0.2222222222222222,1.9150590541623955
945,VE088,wS1,4,Response,0.625,0.0,inf
946,VE088,wS1,4,Post,0.5,0.25,0.6744897501960818
947,VE088,wS1,4,Control,0.5102040816326531,0.08955223880597014,1.3690980849772854
948,VE088,wS1,4,Stim,0.42857142857142855,0.14285714285714285,0.8875581540854368
949,VE088,wS1,4,Pre,0.6,0.2222222222222222,1.018056776922187
950,VE088,wS2,1,Response,0.2857142857142857,0.2,0.2756724116400512
951,VE088,wS2,1,Post,0.375,0.0,inf
952,VE088,wS2,1,Control,0.7037037037037037,0.034482758620689655,2.3537284079363827
953,VE088,wS2,1,Stim,0.0,0.14285714285714285,-inf
954,VE088,wS2,1,Pre,0.5,0.25,0.6744897501960818
955,VE088,wS2,2,Response,0.0,0.0,
956,VE088,wS2,2,Post,0.5,0.2,0.8416212335729143
957,VE088,wS2,2,Control,0.5714285714285714,0.12244897959183673,1.3428436599934859
958,VE088,wS2,2,Stim,0.16666666666666666,0.2,-0.12580033252878708
959,VE088,wS2,2,Pre,0.8333333333333334,0.4,1.220768669237501
960,VE088,wS2,3,Response,0.8,0.1,2.123172799117515
961,VE088,wS2,3,Post,0.75,0.1,1.9560413157406824
962,VE088,wS2,3,Control,0.7543859649122807,0.13414634146341464,1.795359761443334
963,VE088,wS2,3,Stim,0.5,0.18181818181818182,0.9084578685373852
964,VE088,wS2,3,Pre,0.8571428571428571,0.09090909090909091,2.402748259997078
965,VE088,wS2,4,Response,1.0,0.2,inf
966,VE088,wS2,4,Post,1.0,0.3333333333333333,inf
967,VE088,wS2,4,Control,0.7631578947368421,0.1276595744680851,1.8540218556505483
968,VE088,wS2,4,Stim,0.4,0.3333333333333333,0.17738019615965783
969,VE088,wS2,4,Pre,1.0,0.0,inf
970,VE088,wM1,1,Response,0.6363636363636364,0.13333333333333333,1.4595273121538304
971,VE088,wM1,1,Post,0.5714285714285714,0.07142857142857142,1.6452461624782277
972,VE088,wM1,1,Control,0.8461538461538461,0.22549019607843138,1.7738578030593464
973,VE088,wM1,1,Stim,0.8,0.14285714285714285,1.9091917574510564
974,VE088,wM1,1,Pre,0.9230769230769231,0.21428571428571427,2.2177154800162224
975,VE088,wM1,2,Response,0.5,0.25,0.6744897501960818
976,VE088,wM1,2,Post,0.5,0.25,0.6744897501960818
977,VE088,wM1,2,Control,0.88,0.16666666666666666,2.1424083581677915
978,VE088,wM1,2,Stim,0.75,0.6666666666666666,0.24376245090062437
979,VE088,wM1,2,Pre,1.0,0.25,inf
980,VE088,wM1,3,Response,0.8,0.0,inf
981,VE088,wM1,3,Post,0.5,0.0,inf
982,VE088,wM1,3,Control,0.8392857142857143,0.14166666666666666,2.064387816327334
983,VE088,wM1,3,Stim,0.6666666666666666,0.26666666666666666,1.0536530225055452
984,VE088,wM1,3,Pre,0.6666666666666666,0.06666666666666667,1.9318132453394823
985,VE088,Aud,1,Response,0.42857142857142855,0.3,0.3443881429153358
986,VE088,Aud,1,Post,0.5,0.125,1.1503493803760083
987,VE088,Aud,1,Control,0.6031746031746031,0.2571428571428571,0.9137518159940878
988,VE088,Aud,1,Stim,0.4444444444444444,0.2222222222222222,0.6249993749045251
989,VE088,Aud,1,Pre,0.75,0.1,1.9560413157406824
990,VE088,Aud,2,Response,0.4444444444444444,0.1111111111111111,1.0809300499654877
991,VE088,Aud,2,Post,0.3333333333333333,0.1111111111111111,0.7899130495518922
992,VE088,Aud,2,Control,0.5645161290322581,0.08860759493670886,1.5118085987922203
993,VE088,Aud,2,Stim,0.0,0.18181818181818182,-inf
994,VE088,Aud,2,Pre,0.5,0.3,0.5244005127080409
995,VE088,Aud,3,Response,0.9,0.18181818181818182,2.190009434081986
996,VE088,Aud,3,Post,0.8181818181818182,0.36363636363636365,1.2572135640544302
997,VE088,Aud,3,Control,0.9605263157894737,0.13793103448275862,2.8464885891980125
998,VE088,Aud,3,Stim,0.7272727272727273,0.0,inf
999,VE088,Aud,3,Pre,0.7142857142857143,0.45454545454545453,0.6801341162542915
1000,VE088,Vis,1,Response,0.625,0.25,0.993129114160457
1001,VE088,Vis,1,Post,0.375,0.3,0.2057611487436657
1002,VE088,Vis,1,Control,0.7727272727272727,0.21052631578947367,1.5524549751236028
1003,VE088,Vis,1,Stim,0.5714285714285714,0.3333333333333333,0.6107396690881626
1004,VE088,Vis,1,Pre,0.75,0.2727272727272727,1.279075096779319
1005,VE088,Vis,2,Response,0.8333333333333334,0.1,2.248973131646302
1006,VE088,Vis,2,Post,0.875,0.2,1.9919706139489226
1007,VE088,Vis,2,Control,0.7692307692307693,0.27631578947368424,1.3301373103696492
1008,VE088,Vis,2,Stim,0.7777777777777778,0.2,1.6063309073593015
1009,VE088,Vis,2,Pre,0.7777777777777778,0.2,1.6063309073593015
1010,VE088,Vis,3,Response,0.8333333333333334,0.14285714285714285,2.034992089979843
1011,VE088,Vis,3,Post,0.8461538461538461,0.07142857142857142,2.4853100254717244
1012,VE088,Vis,3,Control,0.8285714285714286,0.07894736842105263,2.360722619732802
1013,VE088,Vis,3,Stim,0.8571428571428571,0.0,inf
1014,VE088,Vis,3,Pre,0.5454545454545454,0.06666666666666667,1.6152712403654532
1015,VE088,PPC,1,Response,0.5,0.3333333333333333,0.4307272992954576
1016,VE088,PPC,1,Post,0.6666666666666666,0.5454545454545454,0.3165420049740292
1017,VE088,PPC,1,Control,0.6962025316455697,0.21875,1.28993130470886
1018,VE088,PPC,1,Stim,0.4444444444444444,0.25,0.5347794513142197
1019,VE088,PPC,1,Pre,0.75,0.3076923076923077,1.1768919735694372
1020,VE088,PPC,2,Response,0.8181818181818182,0.18181818181818182,1.8169157370747708
1021,VE088,PPC,2,Post,0.625,0.3,0.8430398766724161
1022,VE088,PPC,2,Control,0.8658536585365854,0.13953488372093023,2.189414274999007
1023,VE088,PPC,2,Stim,0.7,0.18181818181818182,1.4328583812454259
1024,VE088,PPC,2,Pre,0.75,0.16666666666666666,1.6419113162977832
1025,VE088,dCA1,1,Response,0.625,0.0,inf
1026,VE088,dCA1,1,Post,0.6666666666666666,0.16666666666666666,1.3981488653971588
1027,VE088,dCA1,1,Control,0.5443037974683544,0.047058823529411764,1.7853483159308239
1028,VE088,dCA1,1,Stim,0.46153846153846156,0.0,inf
1029,VE088,dCA1,1,Pre,0.4444444444444444,0.0,inf
1030,VE088,mPFC,1,Response,0.5,0.0,inf
1031,VE088,mPFC,1,Post,0.5454545454545454,0.2727272727272727,0.7187706409046654
1032,VE088,mPFC,1,Control,0.6666666666666666,0.05813953488372093,2.0013123278628764
1033,VE088,mPFC,1,Stim,0.5,0.2,0.8416212335729143
1034,VE088,mPFC,1,Pre,0.6666666666666666,0.0,inf
1035,VE088,wM2,1,Response,0.0,0.0,
1036,VE088,wM2,1,Post,0.4,0.4,0.0
1037,VE088,wM2,1,Control,0.7407407407407407,0.3,1.1700312619840227
1038,VE088,wM2,1,Stim,0.8,0.4,1.0949683367087142
1039,VE088,wM2,1,Pre,0.75,0.3333333333333333,1.1052170494915394
1040,VE088,wM2,2,Response,0.0,0.0,
1041,VE088,wM2,2,Post,0.5,0.4,0.2533471031357998
1042,VE088,wM2,2,Control,0.56,0.16455696202531644,1.1268694134003403
1043,VE088,wM2,2,Stim,0.5,0.2727272727272727,0.6045853465832371
1044,VE088,wM2,2,Pre,1.0,0.25,inf
1045,VE088,wM2,3,Response,0.6,0.0,inf
1046,VE088,wM2,3,Post,0.5,0.0,inf
1047,VE088,wM2,3,Control,0.6666666666666666,0.022222222222222223,2.4406020714908427
1048,VE088,wM2,3,Stim,0.7,0.09090909090909091,1.8595782488269774
1049,VE088,wM2,3,Pre,0.7,0.16666666666666666,1.491822078809742
1050,VE088,ALM,1,Response,0.6,0.0,inf
1051,VE088,ALM,1,Post,0.0,0.4,-inf
1052,VE088,ALM,1,Control,0.7297297297297297,0.0975609756097561,1.9075707807972817
1053,VE088,ALM,1,Stim,0.6666666666666666,0.25,1.1052170494915392
1054,VE088,ALM,1,Pre,0.3333333333333333,0.25,0.2437624509006242
1055,VE088,ALM,2,Response,0.0,0.0,
1056,VE088,ALM,2,Post,0.2857142857142857,0.3333333333333333,-0.1352215226374055
1057,VE088,ALM,2,Control,0.7058823529411765,0.12727272727272726,1.6807732610650792
1058,VE088,ALM,2,Stim,0.6,0.1111111111111111,1.4739874519831497
1059,VE088,ALM,2,Pre,0.6,0.8333333333333334,-0.7140744629659016
1060,VE088,ALM,3,Response,0.0,0.14285714285714285,-inf
1061,VE088,ALM,3,Post,0.0,0.0,
1062,VE088,ALM,3,Control,0.7111111111111111,0.14,1.6369529618821672
1063,VE088,ALM,3,Stim,0.8,0.14285714285714285,1.9091917574510564
1064,VE088,ALM,3,Pre,0.7142857142857143,0.5,0.5659488219328631
1065,VE088,ALM,4,Response,0.2222222222222222,0.0,inf
1066,VE088,ALM,4,Post,0.1111111111111111,0.0,inf
1067,VE088,ALM,4,Control,0.7741935483870968,0.07575757575757576,2.186928953944549
1068,VE088,ALM,4,Stim,0.875,0.0,inf
1069,VE088,ALM,4,Pre,0.7777777777777778,0.1111111111111111,1.985350022633737
1070,VE088,tjM1,1,Response,0.16666666666666666,0.0,inf
1071,VE088,tjM1,1,Post,0.625,0.125,1.4689887443403835
1072,VE088,tjM1,1,Control,0.7241379310344828,0.11842105263157894,1.7780953775241635
1073,VE088,tjM1,1,Stim,0.6666666666666666,0.2222222222222222,1.1954369730818446
1074,VE088,tjM1,1,Pre,0.7142857142857143,0.1,1.8475003874774636
1075,VE088,tjM1,2,Response,0.0,0.0,
1076,VE088,tjM1,2,Post,0.25,0.0,inf
1077,VE088,tjM1,2,Control,0.5588235294117647,0.15,1.1844204992196286
1078,VE088,tjM1,2,Stim,0.25,0.4,-0.42114264706028204
1079,VE088,tjM1,2,Pre,0.5,0.0,inf
1080,VE088,tjM1,3,Response,0.6666666666666666,0.0,inf
1081,VE088,tjM1,3,Post,0.7142857142857143,0.5714285714285714,0.38593645214015815
1082,VE088,tjM1,3,Control,0.7692307692307693,0.2692307692307692,1.3514570219721032
1083,VE088,tjM1,3,Stim,0.8333333333333334,0.14285714285714285,2.034992089979843
1084,VE088,tjM1,3,Pre,0.8333333333333334,0.42857142857142855,1.1474339358944066
1085,VE088,tjM1,4,Response,0.16666666666666666,0.0,inf
1086,VE088,tjM1,4,Post,0.6666666666666666,0.08333333333333333,1.813721426396096
1087,VE088,tjM1,4,Control,0.8105263157894737,0.10416666666666667,2.1379990208592172
1088,VE088,tjM1,4,Stim,0.8181818181818182,0.3333333333333333,1.3391851678328432
1089,VE088,tjM1,4,Pre,0.5454545454545454,0.09090909090909091,1.449363030440365
1090,VE090,wS1,1,Response,0.8,0.0,inf
1091,VE090,wS1,1,Post,0.5833333333333334,0.08333333333333333,1.5934225213485633
1092,VE090,wS1,1,Control,0.8260869565217391,0.11702127659574468,2.128824083992954
1093,VE090,wS1,1,Stim,0.45454545454545453,0.3333333333333333,0.31654200497402923
1094,VE090,wS1,1,Pre,0.75,0.08333333333333333,2.05748387729672
1095,VE090,wS1,2,Response,0.4166666666666667,0.16666666666666666,0.7569931718537767
1096,VE090,wS1,2,Post,0.9230769230769231,0.25,2.1005666224689294
1097,VE090,wS1,2,Control,0.9294117647058824,0.32989690721649484,1.9116219134216648
1098,VE090,wS1,2,Stim,0.38461538461538464,0.5833333333333334,-0.5038096263691182
1099,VE090,wS1,2,Pre,0.8181818181818182,0.5,0.9084578685373855
1100,VE090,wS1,3,Response,0.75,0.2,1.5161109837689961
1101,VE090,wS1,3,Post,0.75,0.2,1.5161109837689961
1102,VE090,wS1,3,Control,0.7515527950310559,0.1875,1.5665308354550969
1103,VE090,wS1,3,Stim,0.3684210526315789,0.1,0.9455134251727775
1104,VE090,wS1,3,Pre,0.6190476190476191,0.23809523809523808,1.0154234804456956
1105,VE090,wS2,1,Response,0.5789473684210527,0.0,inf
1106,VE090,wS2,1,Post,0.4375,0.0,inf
1107,VE090,wS2,1,Control,0.7205882352941176,0.14705882352941177,1.633721255023445
1108,VE090,wS2,1,Stim,0.35294117647058826,0.29411764705882354,0.164003141300534
1109,VE090,wS2,1,Pre,0.6875,0.13333333333333333,1.599548027751455
1110,VE090,wS2,2,Response,0.7272727272727273,0.08333333333333333,1.9875794736838757
1111,VE090,wS2,2,Post,0.5454545454545454,0.16666666666666666,1.0816068604231297
1112,VE090,wS2,2,Control,0.7555555555555555,0.2087912087912088,1.502699765592344
1113,VE090,wS2,2,Stim,0.09090909090909091,0.3333333333333333,-0.9044504368234791
1114,VE090,wS2,2,Pre,0.8181818181818182,0.2727272727272727,1.5130432151206228
1115,VE090,wS2,3,Response,0.875,0.1111111111111111,2.370989729223358
1116,VE090,wS2,3,Post,0.6666666666666666,0.0,inf
1117,VE090,wS2,3,Control,0.7916666666666666,0.11940298507462686,1.9901943136443632
1118,VE090,wS2,3,Stim,0.125,0.0,inf
1119,VE090,wS2,3,Pre,0.6666666666666666,0.1111111111111111,1.6513676481428072
1120,VE090,wM1,1,Response,0.8823529411764706,0.2777777777777778,1.7762872306055963
1121,VE090,wM1,1,Post,0.5,0.05555555555555555,1.5932188180230507
1122,VE090,wM1,1,Control,0.8085106382978723,0.014285714285714285,3.061770801239274
1123,VE090,wM1,1,Stim,0.3333333333333333,0.058823529411764705,1.1339991720663412
1124,VE090,wM1,1,Pre,0.9444444444444444,0.05555555555555555,3.186437636046101
1125,VE090,wM1,2,Response,0.9230769230769231,0.3333333333333333,1.8568041715683052
1126,VE090,wM1,2,Post,0.75,0.23076923076923078,1.4108056675722114
1127,VE090,wM1,2,Control,0.7941176470588235,0.10784313725490197,2.058872423879488
1128,VE090,wM1,2,Stim,0.6666666666666666,0.14285714285714285,1.4982978231735993
1129,VE090,wM1,2,Pre,0.8333333333333334,0.08333333333333333,2.35041569320234
1130,VE090,wM1,3,Response,0.8333333333333334,0.7142857142857143,0.40147274416883827
1131,VE090,wM1,3,Post,1.0,0.46153846153846156,inf
1132,VE090,wM1,3,Control,0.875,0.21818181818181817,1.9286978027608523
1133,VE090,wM1,3,Stim,0.6428571428571429,0.21428571428571427,1.1577449645439444
1134,VE090,wM1,3,Pre,0.7272727272727273,0.35714285714285715,0.9706917033838067
1135,VE090,Aud,1,Response,0.5625,0.058823529411764705,1.7220371559719694
1136,VE090,Aud,1,Post,0.7222222222222222,0.05555555555555555,2.1826746158728287
1137,VE090,Aud,1,Control,0.7894736842105263,0.3381294964028777,1.2221698563910572
1138,VE090,Aud,1,Stim,0.4117647058823529,0.2777777777777778,0.3664479669094115
1139,VE090,Aud,1,Pre,0.8666666666666667,0.3333333333333333,1.5414989159322434
1140,VE090,Aud,2,Response,0.5555555555555556,0.1111111111111111,1.360350647729212
1141,VE090,Aud,2,Post,0.875,0.14285714285714285,2.21791990425415
1142,VE090,Aud,2,Control,0.8709677419354839,0.26666666666666666,1.753903331455246
1143,VE090,Aud,2,Stim,0.25,0.375,-0.3558503862317066
1144,VE090,Aud,2,Pre,0.8571428571428571,0.25,1.7420602740742233
1145,VE090,Aud,3,Response,0.7857142857142857,0.14285714285714285,1.8592091316215167
1146,VE090,Aud,3,Post,0.8571428571428571,0.2857142857142857,1.6335193458110044
1147,VE090,Aud,3,Control,0.8288288288288288,0.1565217391304348,1.9584037315668796
1148,VE090,Aud,3,Stim,0.4666666666666667,0.2,0.7579694996657852
1149,VE090,Aud,3,Pre,0.75,0.26666666666666666,1.2974154734061696
1150,VE090,Vis,1,Response,0.47619047619047616,0.1,1.2218344657592777
1151,VE090,Vis,1,Post,0.6363636363636364,0.0,inf
1152,VE090,Vis,1,Control,0.7398843930635838,0.005847953216374269,3.1641778811247194
1153,VE090,Vis,1,Stim,0.7142857142857143,0.0,inf
1154,VE090,Vis,1,Pre,0.5909090909090909,0.0,inf
1155,VE090,Vis,2,Response,0.7,0.0,inf
1156,VE090,Vis,2,Post,0.8,0.0,inf
1157,VE090,Vis,2,Control,0.7894736842105263,0.02564102564102564,2.753708377300188
1158,VE090,Vis,2,Stim,0.6666666666666666,0.3333333333333333,0.861454598590915
1159,VE090,Vis,2,Pre,0.6666666666666666,0.2,1.2723485328683717
1160,VE090,Vis,3,Response,0.6470588235294118,0.05263157894736842,1.9972482024668239
1161,VE090,Vis,3,Post,0.8333333333333334,0.10526315789473684,2.2195410863669207
1162,VE090,Vis,3,Control,0.753731343283582,0.14666666666666667,1.7371160763077071
1163,VE090,Vis,3,Stim,0.7894736842105263,0.16666666666666666,1.7720179464620016
1164,VE090,Vis,3,Pre,0.5,0.1111111111111111,1.2206403488473498
1165,VE090,PPC,1,Response,0.8571428571428571,0.07142857142857142,2.5328043165636642
1166,VE090,PPC,1,Post,0.7142857142857143,0.13333333333333333,1.6767204385696486
1167,VE090,PPC,1,Control,0.7522123893805309,0.1282051282051282,1.816384913637894
1168,VE090,PPC,1,Stim,0.7857142857142857,0.0,inf
1169,VE090,PPC,1,Pre,0.8571428571428571,0.07142857142857142,2.5328043165636642
1170,VE090,PPC,2,Response,1.0,0.2727272727272727,inf
1171,VE090,PPC,2,Post,0.5454545454545454,0.0,inf
1172,VE090,PPC,2,Control,0.8,0.07777777777777778,2.261800302843883
1173,VE090,PPC,2,Stim,0.5833333333333334,0.0,inf
1174,VE090,PPC,2,Pre,0.6666666666666666,0.15384615384615385,1.450803532081659
1175,VE090,PPC,3,Response,0.7272727272727273,0.35714285714285715,0.9706917033838067
1176,VE090,PPC,3,Post,1.0,0.45454545454545453,inf
1177,VE090,PPC,3,Control,0.7586206896551724,0.19387755102040816,1.5655682487889975
1178,VE090,PPC,3,Stim,0.8,0.3076923076923077,1.3440234569462697
1179,VE090,PPC,3,Pre,0.8333333333333334,0.45454545454545453,1.0816068604231297
1180,VE090,dCA1,1,Response,0.6363636363636364,0.0,inf
1181,VE090,dCA1,1,Post,0.9166666666666666,0.3333333333333333,1.813721426396096
1182,VE090,dCA1,1,Control,0.8979591836734694,0.10576923076923077,2.5193546570332357
1183,VE090,dCA1,1,Stim,0.5833333333333334,0.2,1.052049627820839
1184,VE090,dCA1,1,Pre,0.75,0.0,inf
1185,VE090,mPFC,1,Response,0.4666666666666667,0.058823529411764705,1.4810747374546698
1186,VE090,mPFC,1,Post,0.5,0.4,0.2533471031357998
1187,VE090,mPFC,1,Control,0.8015267175572519,0.08527131782945736,2.2175494191401244
1188,VE090,mPFC,1,Stim,0.4666666666666667,0.23529411764705882,0.6378705500752142
1189,VE090,mPFC,1,Pre,0.4375,0.058823529411764705,1.4074157867516282
1190,VE090,wM2,1,Response,0.9545454545454546,0.38095238095238093,1.9936020776411054
1191,VE090,wM2,1,Post,0.7272727272727273,0.4090909090909091,0.8344694641624693
1192,VE090,wM2,1,Control,0.8342857142857143,0.05084745762711865,2.607932064155178
1193,VE090,wM2,1,Stim,0.5238095238095238,0.047619047619047616,1.7281082937324024
1194,VE090,wM2,1,Pre,0.7727272727272727,0.0,inf
1195,VE090,wM2,2,Response,0.45454545454545453,0.2222222222222222,0.6505243794649588
1196,VE090,wM2,2,Post,0.7777777777777778,0.18181818181818182,1.6731675423237724
1197,VE090,wM2,2,Control,0.7530864197530864,0.09302325581395349,2.006599783251409
1198,VE090,wM2,2,Stim,0.45454545454545453,0.2727272727272727,0.49040005226180877
1199,VE090,wM2,2,Pre,0.75,0.18181818181818182,1.582947618733467
1200,VE090,wM2,3,Response,0.6,0.13333333333333333,1.3641187197725855
1201,VE090,wM2,3,Post,0.6428571428571429,0.26666666666666666,0.9890320800106576
1202,VE090,wM2,3,Control,0.7631578947368421,0.017094017094017096,2.8343444201875045
1203,VE090,wM2,3,Stim,0.4666666666666667,0.07142857142857142,1.3815820587783938
1204,VE090,wM2,3,Pre,0.42857142857142855,0.06666666666666667,1.3210735762513197
1205,VE090,ALM,1,Response,0.2222222222222222,0.0,inf
1206,VE090,ALM,1,Post,0.2,0.0,inf
1207,VE090,ALM,1,Control,0.72,0.09859154929577464,1.8724601529876228
1208,VE090,ALM,1,Stim,0.4444444444444444,0.0,inf
1209,VE090,ALM,1,Pre,0.75,0.1,1.9560413157406824
1210,VE090,ALM,2,Response,0.2222222222222222,0.0,inf
1211,VE090,ALM,2,Post,0.2,0.0,inf
1212,VE090,ALM,2,Control,0.72,0.09859154929577464,1.8724601529876228
1213,VE090,ALM,2,Stim,0.4444444444444444,0.0,inf
1214,VE090,ALM,2,Pre,0.75,0.1,1.9560413157406824
1215,VE090,ALM,3,Response,0.3333333333333333,0.1,0.850824266249143
1216,VE090,ALM,3,Post,0.8333333333333334,0.7272727272727273,0.36283621951846423
1217,VE090,ALM,3,Control,0.8202247191011236,0.2823529411764706,1.492087639496967
1218,VE090,ALM,3,Stim,0.7,0.5454545454545454,0.4102152183866124
1219,VE090,ALM,3,Pre,0.9,0.09090909090909091,2.616729301663537
1220,VE090,ALM,4,Response,0.3,0.0,inf
1221,VE090,ALM,4,Post,0.6666666666666666,0.3333333333333333,0.861454598590915
1222,VE090,ALM,4,Control,0.8390804597701149,0.044444444444444446,2.6919738574237164
1223,VE090,ALM,4,Stim,0.25,0.1,0.6070618153485188
1224,VE090,ALM,4,Pre,0.6363636363636364,0.09090909090909091,1.6839334316359815
1225,VE090,tjM1,1,Response,0.28,0.0,inf
1226,VE090,tjM1,1,Post,0.6521739130434783,0.041666666666666664,2.122860654311717
1227,VE090,tjM1,1,Control,0.7473684210526316,0.0,inf
1228,VE090,tjM1,1,Stim,0.391304347826087,0.043478260869565216,1.4357542434017687
1229,VE090,tjM1,1,Pre,0.56,0.125,1.3013185958727858
1230,VE090,tjM1,2,Response,0.5833333333333334,0.0,inf
1231,VE090,tjM1,2,Post,0.6363636363636364,0.25,1.0232454457131266
1232,VE090,tjM1,2,Control,0.6129032258064516,0.03333333333333333,2.1208085527389535
1233,VE090,tjM1,2,Stim,0.5,0.09090909090909091,1.3351777361189368
1234,VE090,tjM1,2,Pre,0.6363636363636364,0.09090909090909091,1.6839334316359815
1235,VE090,tjM1,3,Response,0.36363636363636365,0.23076923076923078,0.38756022185908484
1236,VE090,tjM1,3,Post,0.6666666666666666,0.38461538461538464,0.7241085314166508
1237,VE090,tjM1,3,Control,0.7717391304347826,0.1368421052631579,1.839204067375757
1238,VE090,tjM1,3,Stim,0.18181818181818182,0.5,-0.9084578685373852
1239,VE090,tjM1,3,Pre,0.5454545454545454,0.18181818181818182,1.0226431628588135
1240,VE091,wS1,1,Response,0.5714285714285714,0.0625,1.7141329141452515
1241,VE091,wS1,1,Post,0.5,0.05555555555555555,1.5932188180230507
1242,VE091,wS1,1,Control,0.6335877862595419,0.0472972972972973,2.0130145739072596
1243,VE091,wS1,1,Stim,0.10526315789473684,0.05263157894736842,0.36773673837305054
1244,VE091,wS1,1,Pre,0.1875,0.058823529411764705,0.6775799123429226
1245,VE091,wS1,2,Response,0.6666666666666666,0.0,inf
1246,VE091,wS1,2,Post,0.6666666666666666,0.0,inf
1247,VE091,wS1,2,Control,0.6779661016949152,0.0,inf
1248,VE091,wS1,2,Stim,0.25,0.0,inf
1249,VE091,wS1,2,Pre,0.0,0.16666666666666666,-inf
1250,VE091,wS1,3,Response,0.8571428571428571,0.1111111111111111,2.2882108727254913
1251,VE091,wS1,3,Post,0.75,0.0,inf
1252,VE091,wS1,3,Control,0.864406779661017,0.06060606060606061,2.650040320195671
1253,VE091,wS1,3,Stim,0.42857142857142855,0.125,0.9703370105833032
1254,VE091,wS1,3,Pre,0.7142857142857143,0.0,inf
1255,VE091,wS2,1,Response,0.8125,0.09523809523809523,2.1963182758046536
1256,VE091,wS2,1,Post,0.625,0.05555555555555555,1.9118581819874259
1257,VE091,wS2,1,Control,0.6956521739130435,0.03225806451612903,2.360532502372738
1258,VE091,wS2,1,Stim,0.05263157894736842,0.0,inf
1259,VE091,wS2,1,Pre,0.4,0.0,inf
1260,VE091,wS2,2,Response,0.6666666666666666,0.14285714285714285,1.4982978231735993
1261,VE091,wS2,2,Post,0.7142857142857143,0.0,inf
1262,VE091,wS2,2,Control,0.8113207547169812,0.07692307692307693,2.308850687790166
1263,VE091,wS2,2,Stim,0.0,0.0,
1264,VE091,wS2,2,Pre,0.2857142857142857,0.0,inf
1265,VE091,wS2,3,Response,1.0,0.14285714285714285,inf
1266,VE091,wS2,3,Post,0.875,0.0,inf
1267,VE091,wS2,3,Control,0.8983050847457628,0.05084745762711865,2.9086446143576072
1268,VE091,wS2,3,Stim,0.2857142857142857,0.0,inf
1269,VE091,wS2,3,Pre,0.5,0.0,inf
1270,VE091,wM1,1,Response,0.5833333333333334,0.16666666666666666,1.1778499603496262
1271,VE091,wM1,1,Post,0.6923076923076923,0.6666666666666666,0.07167492407789794
1272,VE091,wM1,1,Control,0.8,0.32978723404255317,1.2821219851168726
1273,VE091,wM1,1,Stim,0.5,0.5,0.0
1274,VE091,wM1,1,Pre,0.3333333333333333,0.3333333333333333,0.0
1275,VE091,wM1,2,Response,1.0,0.625,inf
1276,VE091,wM1,2,Post,1.0,0.6666666666666666,inf
1277,VE091,wM1,2,Control,0.7777777777777778,0.19402985074626866,1.6278511220764345
1278,VE091,wM1,2,Stim,0.25,0.2857142857142857,-0.1085409282632187
1279,VE091,wM1,2,Pre,0.5,0.2222222222222222,0.7647096737863872
1280,VE091,wM1,3,Response,0.75,0.25,1.3489795003921636
1281,VE091,wM1,3,Post,0.75,0.4666666666666667,0.7581414841032109
1282,VE091,wM1,3,Control,0.7906976744186046,0.18811881188118812,1.6936942454116388
1283,VE091,wM1,3,Stim,0.7142857142857143,0.6,0.31260171879706333
1284,VE091,wM1,3,Pre,0.5714285714285714,0.45454545454545453,0.29419766411413334
1285,VE091,Aud,1,Response,0.7777777777777778,0.1111111111111111,1.985350022633737
1286,VE091,Aud,1,Post,0.5555555555555556,0.0,inf
1287,VE091,Aud,1,Control,0.6081081081081081,0.013513513513513514,2.4855187289453644
1288,VE091,Aud,1,Stim,0.2222222222222222,0.1,0.5168418917582134
1289,VE091,Aud,1,Pre,0.6,0.0,inf
1290,VE091,Aud,2,Response,0.5,0.0,inf
1291,VE091,Aud,2,Post,0.7857142857142857,0.0,inf
1292,VE091,Aud,2,Control,0.79,0.06862745098039216,2.292512816348697
1293,VE091,Aud,2,Stim,0.38461538461538464,0.0,inf
1294,VE091,Aud,2,Pre,0.6363636363636364,0.23076923076923078,1.0850716128931743
1295,VE091,Vis,1,Response,0.7142857142857143,0.14285714285714285,1.6335193458110049
1296,VE091,Vis,1,Post,0.625,0.3333333333333333,0.7493666632598328
1297,VE091,Vis,1,Control,0.7678571428571429,0.3076923076923077,1.234210307232973
1298,VE091,Vis,1,Stim,0.5,0.16666666666666666,0.9674215661017014
1299,VE091,Vis,1,Pre,0.5714285714285714,0.16666666666666666,1.1474339358944063
1300,VE091,Vis,2,Response,0.7142857142857143,0.3,1.090349334640904
1301,VE091,Vis,2,Post,0.7777777777777778,0.3,1.289110186494428
1302,VE091,Vis,2,Control,0.7101449275362319,0.0963855421686747,1.8562333233731572
1303,VE091,Vis,2,Stim,0.375,0.2,0.5229818696085391
1304,VE091,Vis,2,Pre,0.6666666666666666,0.2,1.2723485328683717
1305,VE091,Vis,3,Response,0.8333333333333334,0.2857142857142857,1.5333703880345646
1306,VE091,Vis,3,Post,0.7142857142857143,0.3333333333333333,0.9966761212283207
1307,VE091,Vis,3,Control,0.7727272727272727,0.21818181818181817,1.5262070171481463
1308,VE091,Vis,3,Stim,0.2857142857142857,0.14285714285714285,0.5016217019452788
1309,VE091,Vis,3,Pre,0.6666666666666666,0.3333333333333333,0.861454598590915
1310,VE091,PPC,1,Response,0.625,0.21428571428571427,1.1102779717077498
1311,VE091,PPC,1,Post,0.875,0.38461538461538464,1.4437306124972016
1312,VE091,PPC,1,Control,0.7215189873417721,0.010416666666666666,2.898351229480274
1313,VE091,PPC,1,Stim,0.3076923076923077,0.09090909090909091,0.8327755127455814
1314,VE091,PPC,1,Pre,0.6,0.2727272727272727,0.8579324497190369
1315,VE091,PPC,2,Response,0.75,0.23076923076923078,1.4108056675722114
1316,VE091,PPC,2,Post,0.7777777777777778,0.21428571428571427,1.556348281529762
1317,VE091,PPC,2,Control,0.7,0.11009174311926606,1.7504408756434893
1318,VE091,PPC,2,Stim,1.0,0.07142857142857142,inf
1319,VE091,PPC,2,Pre,0.45454545454545453,0.0,inf
1320,VE091,PPC,3,Response,1.0,0.0,inf
1321,VE091,PPC,3,Post,1.0,0.0,inf
1322,VE091,PPC,3,Control,0.92,0.0,inf
1323,VE091,PPC,3,Stim,0.3333333333333333,0.0,inf
1324,VE091,PPC,3,Pre,0.5,0.0,inf
1325,VE091,dCA1,1,Response,0.7,0.0,inf
1326,VE091,dCA1,1,Post,1.0,0.2222222222222222,inf
1327,VE091,dCA1,1,Control,0.88,0.028169014084507043,3.083398473954561
1328,VE091,dCA1,1,Stim,0.4,0.0,inf
1329,VE091,dCA1,1,Pre,0.42857142857142855,0.1,1.1015391957518954
1330,VE091,mPFC,1,Response,0.9230769230769231,0.0,inf
1331,VE091,mPFC,1,Post,0.25,0.2727272727272727,-0.06990440361284467
1332,VE091,mPFC,1,Control,0.898876404494382,0.0425531914893617,2.9969718627553172
1333,VE091,mPFC,1,Stim,0.5454545454545454,0.3076923076923077,0.6165875176947836
1334,VE091,mPFC,1,Pre,0.75,0.0,inf
1335,VE091,wM2,1,Response,0.15384615384615385,0.07692307692307693,0.4060006394866458
1336,VE091,wM2,1,Post,0.3333333333333333,0.21428571428571427,0.3609113084479171
1337,VE091,wM2,1,Control,0.6,0.01680672268907563,2.3780256423900203
1338,VE091,wM2,1,Stim,0.21428571428571427,0.07692307692307693,0.6344382645294727
1339,VE091,wM2,1,Pre,0.45454545454545453,0.0,inf
1340,VE091,wM2,2,Response,0.6,0.14285714285714285,1.3209176270139418
1341,VE091,wM2,2,Post,0.875,0.5714285714285714,0.9703370105833033
1342,VE091,wM2,2,Control,0.7021276595744681,0.0967741935483871,1.8306831935524897
1343,VE091,wM2,2,Stim,0.6666666666666666,0.5,0.43072729929545744
1344,VE091,wM2,2,Pre,0.5,0.6,-0.2533471031357998
1345,VE091,wM2,3,Response,1.0,0.0,inf
1346,VE091,wM2,3,Post,0.25,0.0,inf
1347,VE091,wM2,3,Control,0.78125,0.0,inf
1348,VE091,wM2,3,Stim,0.0,0.0,
1349,VE091,wM2,3,Pre,1.0,0.25,inf
1350,VE091,ALM,1,Response,0.2857142857142857,0.0,inf
1351,VE091,ALM,1,Post,0.25,0.0,inf
1352,VE091,ALM,1,Control,0.7281553398058253,0.18018018018018017,1.521922152456238
1353,VE091,ALM,1,Stim,0.6153846153846154,0.3333333333333333,0.7241085314166511
1354,VE091,ALM,1,Pre,0.45454545454545453,0.13333333333333333,0.9965863223153572
1355,VE091,ALM,2,Response,0.5,0.08333333333333333,1.3829941271006385
1356,VE091,ALM,2,Post,0.6153846153846154,0.9166666666666666,-1.0896128949794448
1357,VE091,ALM,2,Control,0.8041237113402062,0.39603960396039606,1.1200549966666231
1358,VE091,ALM,2,Stim,0.9230769230769231,0.5,1.4260768722728476
1359,VE091,ALM,2,Pre,0.8,0.6363636363636364,0.4928655380558697
1360,VE091,ALM,3,Response,0.14285714285714285,0.125,0.08277885649786643
1361,VE091,ALM,3,Post,0.5,0.375,0.3186393639643752
1362,VE091,ALM,3,Control,0.8225806451612904,0.1,2.2067961253987525
1363,VE091,ALM,3,Stim,0.6666666666666666,0.375,0.7493666632598326
1364,VE091,ALM,3,Pre,1.0,0.375,inf
1365,VE091,tjM1,1,Response,0.3125,0.0,inf
1366,VE091,tjM1,1,Post,0.8947368421052632,0.45,1.3777808671202934
1367,VE091,tjM1,1,Control,0.8571428571428571,0.43356643356643354,1.2348719689871388
1368,VE091,tjM1,1,Stim,0.6428571428571429,0.47058823529411764,0.4398976306088425
1369,VE091,tjM1,1,Pre,0.9166666666666666,0.4117647058823529,1.6060019580410052
1370,VE091,tjM1,2,Response,0.2,0.0,inf
1371,VE091,tjM1,2,Post,0.9285714285714286,0.5833333333333334,1.254805398437598
1372,VE091,tjM1,2,Control,0.9080459770114943,0.10869565217391304,2.5623124898335647
1373,VE091,tjM1,2,Stim,0.375,0.36363636363636365,0.030116331552669517
1374,VE091,tjM1,2,Pre,0.75,0.0,inf
1375,VE091,tjM1,3,Response,0.0,0.0,
1376,VE091,tjM1,3,Post,1.0,0.8,inf
1377,VE091,tjM1,3,Control,0.7317073170731707,0.11627906976744186,1.811779861251607
1378,VE091,tjM1,3,Stim,0.5,0.2,0.8416212335729143
1379,VE091,tjM1,3,Pre,1.0,0.25,inf
